FigureNumber,Caption,MediaFile,RelationshipId,DocumentBodyIndex,CaptionBodyIndex,CaptionDistanceElements,SizeBytes,SHA256,SourceDOCXSHA256
3.1,Figure 3.1. Overall research design block diagram.,image1.png,rId32,379,380,1,90481,62D95223BC3902451BF12B72A55AE5E770DF63AF371A441D7D043326C6FD579F,EB018BDF1100E67A3C40890A1B6C89E375403EC781D40E433206E67AA26B7B76
3.2,Figure 3.2. Overall experimental benchmarking framework.,image2.png,rId33,392,393,1,72309,22A94E81E35F3B56D93267480D8BE547B516ED2F126D325E485D1D61AE385B88,EB018BDF1100E67A3C40890A1B6C89E375403EC781D40E433206E67AA26B7B76
3.3,Figure 3.3. Django e-commerce system architecture.,image3.png,rId34,423,424,1,71649,64695DF9A5B4A2D2BE70D332E630072C431882813FF861B3C65B158831E625B2,EB018BDF1100E67A3C40890A1B6C89E375403EC781D40E433206E67AA26B7B76
3.4,Figure 3.4. E-commerce workload-scenario map.,image4.png,rId35,426,427,1,93285,6C3505A3B732CFE691BE9E03597E55F1EB9AD1E71D28A390F9AA7226931F4796,EB018BDF1100E67A3C40890A1B6C89E375403EC781D40E433206E67AA26B7B76
3.5,Figure 3.5. Database and connection-pooling architecture.,image5.png,rId36,446,447,1,82037,A64084EAAC0B95D0015A51BFD1C81CA30F6D9284414A83CA39FF5705CDA2E7E7,EB018BDF1100E67A3C40890A1B6C89E375403EC781D40E433206E67AA26B7B76
3.6,Figure 3.6. Cloud infrastructure layout in the Germany West Central (Frankfurt) Azure region.,image6.png,rId37,465,466,1,72145,DFE1B09F20D4B8587F7CF61F1350C0CEA0CF0B3BB007F81B2D1C565459CA7CB8,EB018BDF1100E67A3C40890A1B6C89E375403EC781D40E433206E67AA26B7B76
3.7,Figure 3.7. Traditional deployment architecture.,image7.png,rId38,493,494,1,59421,1A86659EC2E6908ECCD3D20F4801A576F79A2A10F117723C3B08CCC1AA7FF0D4,EB018BDF1100E67A3C40890A1B6C89E375403EC781D40E433206E67AA26B7B76
3.8,Figure 3.8. Managed container-based platform deployment architecture.,image8.png,rId39,508,509,1,54588,0AE037BC1D27AEDFB1A277C069368634075EF245883870F9478424C4283AFBE8,EB018BDF1100E67A3C40890A1B6C89E375403EC781D40E433206E67AA26B7B76
3.9,Figure 3.9. Like-for-like verification workflow.,image9.png,rId52,538,539,1,75439,D0B18DED3445A2B92DFBB234D720F6EE986CA5A35FBBA4C51061A29626CC0291,EB018BDF1100E67A3C40890A1B6C89E375403EC781D40E433206E67AA26B7B76
3.10,Figure 3.10. k6 workload scenario timeline (configured offered load; achieved request rate measured from k6 output and reported in Chapter 4).,image10.png,rId53,564,568,4,56667,943D017D3C428871B3EB9489BC065E3D8FFE68F622711857769F896517D1AFE5,EB018BDF1100E67A3C40890A1B6C89E375403EC781D40E433206E67AA26B7B76
3.11,Figure 3.11. Benchmark execution pipeline.,image11.png,rId54,593,594,1,53248,532EEE0BFAECA63C012CF81CBDD5B0A5602C702E71B9F33D3E48D69960EEDDE4,EB018BDF1100E67A3C40890A1B6C89E375403EC781D40E433206E67AA26B7B76
3.12,Figure 3.12. Data collection and parsing pipeline.,image12.png,rId55,608,609,1,108681,9F292F8778C58811DE6AE3D18DC1C86AAE32896A2E82B8163258BD215945052C,EB018BDF1100E67A3C40890A1B6C89E375403EC781D40E433206E67AA26B7B76
3.13,Figure 3.13. Like-for-like benchmarking model.,image15.png,rId58,652,653,1,1173501,36D0EE8A9DF45FC8A0F092B2ABFBC017A5E342C1286745A8829DE44FD5D31E27,EB018BDF1100E67A3C40890A1B6C89E375403EC781D40E433206E67AA26B7B76
3.14,Figure 3.14. Benchmark-time versus current as-built evidence classification and the resulting claim boundaries.,image17.png,rId60,673,674,1,87215,35285BA5A5CC99A75F98B368A2A489B15D9099F4BC31DD8632129FDE6A51EFA3,EB018BDF1100E67A3C40890A1B6C89E375403EC781D40E433206E67AA26B7B76
4.1,Figure 4.1. Median p95 latency (ms) by platform and scenario. Row order places the four traditional configurations before the three managed container-based platforms. This figure visualises the median p95 values recorded in Table 4.2.,image18.png,rId67,711,712,1,295913,EF8A3082BD774851A7F6CDD38057A2BC06E43D36A75C54E70EC9D8DC30E85F1D,EB018BDF1100E67A3C40890A1B6C89E375403EC781D40E433206E67AA26B7B76
4.2,"Figure 4.2. Median p99 latency by platform and scenario; asterisks inside cells flag one or more timeout-censored replications, so the displayed p99 is a lower-bound indicator. This figure visualises the median p99 values recorded in Table 4.2.",image19.png,rId80,717,718,1,301181,CCB78B6ECDF02F6DC66F7E0EB00C86094CCB395D304B162026466CA516E91677,EB018BDF1100E67A3C40890A1B6C89E375403EC781D40E433206E67AA26B7B76
4.3,Figure 4.3. Balanced descriptive p95 contrast by scenario. Paired bars show the median of platform-level cell medians within the traditional and managed groups; the values are the balanced descriptive summaries reported in Table 4.10.,image20.png,rId81,720,721,1,192974,34A5D3DA2CBF3AD5AC23E0D75D49F465DA7B89336A2B36926F988EC7708CCFEC,EB018BDF1100E67A3C40890A1B6C89E375403EC781D40E433206E67AA26B7B76
4.4,Figure 4.4. Median callback-defined goodput by platform and scenario. This figure visualises the goodput values recorded in Table 4.3.,image21.png,rId94,730,731,1,299781,28FF7A5791A9AA1BD000893D98050E822EE34FC32FA0ACF14D0F76490C3078FD,EB018BDF1100E67A3C40890A1B6C89E375403EC781D40E433206E67AA26B7B76
4.5,"Figure 4.5. Median callback-defined request-failure rate by platform and scenario. Scenario-wise horizontal bars show the median percentage request-failure rate recorded in Table 4.3, using a shared x-axis for direct comparison.",image22.png,rId95,732,733,1,322668,0852D56F62AEF77C9F46473AFCD71E16F325A5802184F582B0C9A90BD6876B14,EB018BDF1100E67A3C40890A1B6C89E375403EC781D40E433206E67AA26B7B76
4.6,"Figure 4.6. Median Apdex by platform and scenario using the study’s Apdex parameters (T = 500 ms; F = 2,000 ms). This figure visualises the Apdex values recorded in Table 4.3.",image23.png,rId96,734,735,1,322259,6D05783F0364FF41EA0EDE21BF934F4056FD60A8D9714899B7783CA499BD6236,EB018BDF1100E67A3C40890A1B6C89E375403EC781D40E433206E67AA26B7B76
4.7,"Figure 4.7. Balanced descriptive callback-defined goodput contrast by scenario. Paired bars show the balanced group medians from Table 4.10, making the small traditional-versus-managed delivery differences directly readable.",image24.png,rId97,736,737,1,212185,FCDBC807D7C6BF65E46E1A3F9450F4A0617FD4D756AFF75E121B6B3CD6B2EA9E,EB018BDF1100E67A3C40890A1B6C89E375403EC781D40E433206E67AA26B7B76
4.8,"Figure 4.8. Warm-up ratio by platform across steady scenarios A–C, separated into traditional and managed platform families. Reference line = 1.0; values below 1.0 indicate lower early p95 than later p95, and values above 1.0 indicate higher early p95. This figure visualises the warm-up evidence recorded in Table 4.5.",image25.png,rId110,748,749,1,174932,FF36397F8AA5AF294667877E9AB6A54A32CB3A5657AE8410F4857B5AD34A70F2,EB018BDF1100E67A3C40890A1B6C89E375403EC781D40E433206E67AA26B7B76
4.9,"Figure 4.9. Scenario D burst phase-level p95 summary (log scale). Each line connects the exact phase-level p95 summaries from Table 4.6: baseline p95, peak-window p95, peak-maximum p95, and post-ramp p95. Labels identify peak-window cells where the retained per-second p95 exceeded one second.",image26.png,rId123,754,755,1,416139,891A9737E90BEE99676A6AB9DF759C2501B58F74C8DF062A47E2764AC8917C4B,EB018BDF1100E67A3C40890A1B6C89E375403EC781D40E433206E67AA26B7B76
4.10,"Figure 4.10. Supplementary post-idle first-request latency versus immediate warm repeat for managed platforms. Grouped median bars compare the first request after the script-defined 360-second no-probe interval with the immediate warm repeat (log-scale x-axis). Multiplier labels use the median of the valid within-pair first/repeat ratios, matching Table 4.7. Koyeb has four valid pairs out of five attempted. This descriptive probe is outside the 280-run primary matrix.",image27.png,rId124,759,760,1,189163,59571A260FC2D56E93071A50D48A20BA99B7547361FABC04DE5FC6F9A3E526C9,EB018BDF1100E67A3C40890A1B6C89E375403EC781D40E433206E67AA26B7B76
4.11,Figure 4.11. Replication-level p95 latency medians with 95% percentile bootstrap confidence intervals by scenario.,image28.png,rId125,770,771,1,216096,90CD634E857DA2E187088AE808921A40C62499104B09FDEDA3B14F68111B8C93,EB018BDF1100E67A3C40890A1B6C89E375403EC781D40E433206E67AA26B7B76
4.12,"Figure 4.12. Modelled warm cost against median p95 latency. Each marker is one platform-scenario cell: the horizontal position is the platform’s modelled USD per million callback-qualified responses (Table 4.12; log scale) and the vertical position is the cell-median p95 latency (Table 4.2; log scale); marker shape encodes the scenario. The plot is conditional decision-support evidence under the stated warm-cost assumptions, not an overall ranking.",image29.png,rId167,786,787,1,122215,81EA2DB0CC06B8EFBEAB19A07B77D8841C72028FF047582A209B98C0D1D80585,EB018BDF1100E67A3C40890A1B6C89E375403EC781D40E433206E67AA26B7B76
