panel,platform,scenario,metric,cell_median,scaled_rank,marker
a,01_apache_modwsgi,A_browse,latency_p50,110.668,0.3333333333333333,
a,02_nginx_uwsgi,A_browse,latency_p50,112.06899999999999,0.5,
a,03_django_gunicorn,A_browse,latency_p50,110.57849999999999,0.16666666666666666,
a,07_iis_waitress,A_browse,latency_p50,101.001,0.0,L
a,04_aca,A_browse,latency_p50,113.76050000000001,0.6666666666666666,
a,05_koyeb,A_browse,latency_p50,131.6175,0.8333333333333334,
a,06_flyio,A_browse,latency_p50,143.86849999999998,1.0,H
a,01_apache_modwsgi,A_browse,latency_p95,149.063,0.16666666666666666,
a,02_nginx_uwsgi,A_browse,latency_p95,153.32150000000001,0.5,
a,03_django_gunicorn,A_browse,latency_p95,149.69549999999998,0.3333333333333333,
a,07_iis_waitress,A_browse,latency_p95,116.85050000000001,0.0,L
a,04_aca,A_browse,latency_p95,153.3995,0.6666666666666666,
a,05_koyeb,A_browse,latency_p95,208.59050000000002,0.8333333333333334,
a,06_flyio,A_browse,latency_p95,726.4455,1.0,H
a,01_apache_modwsgi,A_browse,latency_p99,59899.7335,1.0,H
a,02_nginx_uwsgi,A_browse,latency_p99,641.6735,0.3333333333333333,
a,03_django_gunicorn,A_browse,latency_p99,650.119,0.5,
a,07_iis_waitress,A_browse,latency_p99,125.348,0.0,L
a,04_aca,A_browse,latency_p99,266.006,0.16666666666666666,
a,05_koyeb,A_browse,latency_p99,5047.2935,0.8333333333333334,
a,06_flyio,A_browse,latency_p99,2294.1355,0.6666666666666666,
a,01_apache_modwsgi,A_browse,latency_p999,59913.103,1.0,H
a,02_nginx_uwsgi,A_browse,latency_p999,1199.3305,0.3333333333333333,
a,03_django_gunicorn,A_browse,latency_p999,1556.226,0.5,
a,07_iis_waitress,A_browse,latency_p999,264.0555,0.0,L
a,04_aca,A_browse,latency_p999,640.4259999999999,0.16666666666666666,
a,05_koyeb,A_browse,latency_p999,16548.3785,0.8333333333333334,
a,06_flyio,A_browse,latency_p999,15319.697,0.6666666666666666,
a,01_apache_modwsgi,A_browse,latency_cv,7.1145925000000005,1.0,H
a,02_nginx_uwsgi,A_browse,latency_cv,0.7937535,0.16666666666666666,
a,03_django_gunicorn,A_browse,latency_cv,1.7475390000000002,0.3333333333333333,
a,07_iis_waitress,A_browse,latency_cv,1.9782965,0.5,
a,04_aca,A_browse,latency_cv,0.3214625,0.0,L
a,05_koyeb,A_browse,latency_cv,4.9037235,0.8333333333333334,
a,06_flyio,A_browse,latency_cv,3.851048,0.6666666666666666,
a,01_apache_modwsgi,A_browse,ratio,541.2819660167138,1.0,H
a,02_nginx_uwsgi,A_browse,ratio,5.629638794955069,0.3333333333333333,
a,03_django_gunicorn,A_browse,ratio,5.863700291671774,0.5,
a,07_iis_waitress,A_browse,ratio,1.2448573693419807,0.0,L
a,04_aca,A_browse,ratio,2.325122273472285,0.16666666666666666,
a,05_koyeb,A_browse,ratio,37.948733354005626,0.8333333333333334,
a,06_flyio,A_browse,ratio,13.828911910951227,0.6666666666666666,
a,01_apache_modwsgi,B_mixed,latency_p50,103.6325,0.16666666666666666,
a,02_nginx_uwsgi,B_mixed,latency_p50,102.41749999999999,0.0,L
a,03_django_gunicorn,B_mixed,latency_p50,107.02799999999999,0.3333333333333333,
a,07_iis_waitress,B_mixed,latency_p50,107.2835,0.5,
a,04_aca,B_mixed,latency_p50,111.283,0.6666666666666666,
a,05_koyeb,B_mixed,latency_p50,135.0645,1.0,H
a,06_flyio,B_mixed,latency_p50,126.59899999999999,0.8333333333333334,
a,01_apache_modwsgi,B_mixed,latency_p95,125.01050000000001,0.16666666666666666,
a,02_nginx_uwsgi,B_mixed,latency_p95,118.00649999999999,0.0,L
a,03_django_gunicorn,B_mixed,latency_p95,126.09200000000001,0.3333333333333333,
a,07_iis_waitress,B_mixed,latency_p95,128.7865,0.5,
a,04_aca,B_mixed,latency_p95,151.892,0.6666666666666666,
a,05_koyeb,B_mixed,latency_p95,164.6095,1.0,H
a,06_flyio,B_mixed,latency_p95,163.503,0.8333333333333334,
a,01_apache_modwsgi,B_mixed,latency_p99,243.433,0.5,
a,02_nginx_uwsgi,B_mixed,latency_p99,126.895,0.0,L
a,03_django_gunicorn,B_mixed,latency_p99,141.7885,0.16666666666666666,
a,07_iis_waitress,B_mixed,latency_p99,165.28199999999998,0.3333333333333333,
a,04_aca,B_mixed,latency_p99,297.392,0.6666666666666666,
a,05_koyeb,B_mixed,latency_p99,322.09749999999997,0.8333333333333334,
a,06_flyio,B_mixed,latency_p99,368.3105,1.0,H
a,01_apache_modwsgi,B_mixed,latency_p999,59911.7845,1.0,H
a,02_nginx_uwsgi,B_mixed,latency_p999,243.724,0.0,L
a,03_django_gunicorn,B_mixed,latency_p999,301.4465,0.16666666666666666,
a,07_iis_waitress,B_mixed,latency_p999,620.133,0.3333333333333333,
a,04_aca,B_mixed,latency_p999,724.8589999999999,0.5,
a,05_koyeb,B_mixed,latency_p999,1228.0135,0.6666666666666666,
a,06_flyio,B_mixed,latency_p999,3517.581,0.8333333333333334,
a,01_apache_modwsgi,B_mixed,latency_cv,9.0550915,1.0,H
a,02_nginx_uwsgi,B_mixed,latency_cv,0.1266495,0.0,L
a,03_django_gunicorn,B_mixed,latency_cv,0.1511735,0.16666666666666666,
a,07_iis_waitress,B_mixed,latency_cv,2.255316,0.5,
a,04_aca,B_mixed,latency_cv,1.6692360000000002,0.3333333333333333,
a,05_koyeb,B_mixed,latency_cv,5.654729,0.8333333333333334,
a,06_flyio,B_mixed,latency_cv,2.818142,0.6666666666666666,
a,01_apache_modwsgi,B_mixed,ratio,2.329166213210406,0.5,
a,02_nginx_uwsgi,B_mixed,ratio,1.248066755984727,0.0,L
a,03_django_gunicorn,B_mixed,ratio,1.3348024656198432,0.16666666666666666,
a,07_iis_waitress,B_mixed,ratio,1.5399074442477472,0.3333333333333333,
a,04_aca,B_mixed,ratio,2.695172229691085,0.8333333333333334,
a,05_koyeb,B_mixed,ratio,2.3377274445149823,0.6666666666666666,
a,06_flyio,B_mixed,ratio,2.943302402754706,1.0,H
b,01_apache_modwsgi,C_checkout,latency_p50,102.83699999999999,0.5,
b,02_nginx_uwsgi,C_checkout,latency_p50,98.576,0.0,L
b,03_django_gunicorn,C_checkout,latency_p50,101.5135,0.3333333333333333,
b,07_iis_waitress,C_checkout,latency_p50,107.296,0.6666666666666666,
b,04_aca,C_checkout,latency_p50,99.41499999999999,0.16666666666666666,
b,05_koyeb,C_checkout,latency_p50,124.2365,0.8333333333333334,
b,06_flyio,C_checkout,latency_p50,167.045,1.0,H
b,01_apache_modwsgi,C_checkout,latency_p95,146.258,0.6666666666666666,
b,02_nginx_uwsgi,C_checkout,latency_p95,112.801,0.0,L
b,03_django_gunicorn,C_checkout,latency_p95,118.481,0.3333333333333333,
b,07_iis_waitress,C_checkout,latency_p95,142.7,0.5,
b,04_aca,C_checkout,latency_p95,113.57249999999999,0.16666666666666666,
b,05_koyeb,C_checkout,latency_p95,181.018,0.8333333333333334,
b,06_flyio,C_checkout,latency_p95,704.4665,1.0,H
b,01_apache_modwsgi,C_checkout,latency_p99,59898.3425,1.0,H
b,02_nginx_uwsgi,C_checkout,latency_p99,122.44800000000001,0.0,L
b,03_django_gunicorn,C_checkout,latency_p99,134.559,0.3333333333333333,
b,07_iis_waitress,C_checkout,latency_p99,296.4755,0.5,
b,04_aca,C_checkout,latency_p99,123.9025,0.16666666666666666,
b,05_koyeb,C_checkout,latency_p99,459.5845,0.6666666666666666,
b,06_flyio,C_checkout,latency_p99,2316.687,0.8333333333333334,
b,01_apache_modwsgi,C_checkout,latency_p999,59913.5185,1.0,H
b,02_nginx_uwsgi,C_checkout,latency_p999,314.169,0.16666666666666666,
b,03_django_gunicorn,C_checkout,latency_p999,318.582,0.3333333333333333,
b,07_iis_waitress,C_checkout,latency_p999,925.4625,0.5,
b,04_aca,C_checkout,latency_p999,312.1105,0.0,L
b,05_koyeb,C_checkout,latency_p999,1155.062,0.6666666666666666,
b,06_flyio,C_checkout,latency_p999,19250.766499999998,0.8333333333333334,
b,01_apache_modwsgi,C_checkout,latency_cv,5.594260500000001,0.8333333333333334,
b,02_nginx_uwsgi,C_checkout,latency_cv,0.2058045,0.3333333333333333,
b,03_django_gunicorn,C_checkout,latency_cv,0.16703600000000002,0.16666666666666666,
b,07_iis_waitress,C_checkout,latency_cv,2.2640515,0.5,
b,04_aca,C_checkout,latency_cv,0.1473025,0.0,L
b,05_koyeb,C_checkout,latency_cv,5.7393445,1.0,H
b,06_flyio,C_checkout,latency_cv,3.497811,0.6666666666666666,
b,01_apache_modwsgi,C_checkout,ratio,564.0926749474777,1.0,H
b,02_nginx_uwsgi,C_checkout,ratio,1.2421763933866858,0.0,L
b,03_django_gunicorn,C_checkout,ratio,1.3422384476939402,0.3333333333333333,
b,07_iis_waitress,C_checkout,ratio,2.7703326294868686,0.5,
b,04_aca,C_checkout,ratio,1.250501945566,0.16666666666666666,
b,05_koyeb,C_checkout,ratio,3.5388917071469628,0.6666666666666666,
b,06_flyio,C_checkout,ratio,13.367282633181624,0.8333333333333334,
b,01_apache_modwsgi,D_burst,latency_p50,101.7535,0.0,L
b,02_nginx_uwsgi,D_burst,latency_p50,104.16,0.3333333333333333,
b,03_django_gunicorn,D_burst,latency_p50,108.85050000000001,0.5,
b,07_iis_waitress,D_burst,latency_p50,110.2755,0.6666666666666666,
b,04_aca,D_burst,latency_p50,103.142,0.16666666666666666,
b,05_koyeb,D_burst,latency_p50,125.445,0.8333333333333334,
b,06_flyio,D_burst,latency_p50,128.0435,1.0,H
b,01_apache_modwsgi,D_burst,latency_p95,141.712,0.3333333333333333,
b,02_nginx_uwsgi,D_burst,latency_p95,134.28,0.16666666666666666,
b,03_django_gunicorn,D_burst,latency_p95,4428.2605,1.0,H
b,07_iis_waitress,D_burst,latency_p95,204.994,0.6666666666666666,
b,04_aca,D_burst,latency_p95,121.2315,0.0,L
b,05_koyeb,D_burst,latency_p95,169.48399999999998,0.5,
b,06_flyio,D_burst,latency_p95,354.765,0.8333333333333334,
b,01_apache_modwsgi,D_burst,latency_p99,250.4975,0.3333333333333333,
b,02_nginx_uwsgi,D_burst,latency_p99,180.578,0.16666666666666666,
b,03_django_gunicorn,D_burst,latency_p99,21398.764000000003,1.0,H
b,07_iis_waitress,D_burst,latency_p99,881.5840000000001,0.8333333333333334,
b,04_aca,D_burst,latency_p99,145.128,0.0,L
b,05_koyeb,D_burst,latency_p99,293.6905,0.5,
b,06_flyio,D_burst,latency_p99,625.1705,0.6666666666666666,
b,01_apache_modwsgi,D_burst,latency_p999,59912.936,0.8333333333333334,
b,02_nginx_uwsgi,D_burst,latency_p999,558.1445,0.16666666666666666,
b,03_django_gunicorn,D_burst,latency_p999,60000.904500000004,1.0,H
b,07_iis_waitress,D_burst,latency_p999,1465.7115,0.5,
b,04_aca,D_burst,latency_p999,269.27099999999996,0.0,L
b,05_koyeb,D_burst,latency_p999,954.174,0.3333333333333333,
b,06_flyio,D_burst,latency_p999,5830.6155,0.6666666666666666,
b,01_apache_modwsgi,D_burst,latency_cv,9.294635,1.0,H
b,02_nginx_uwsgi,D_burst,latency_cv,0.274298,0.16666666666666666,
b,03_django_gunicorn,D_burst,latency_cv,3.5267049999999998,0.3333333333333333,
b,07_iis_waitress,D_burst,latency_cv,3.6755785000000003,0.6666666666666666,
b,04_aca,D_burst,latency_cv,0.212919,0.0,L
b,05_koyeb,D_burst,latency_cv,6.0181065,0.8333333333333334,
b,06_flyio,D_burst,latency_cv,3.6235455,0.5,
b,01_apache_modwsgi,D_burst,ratio,2.4412110850316786,0.5,
b,02_nginx_uwsgi,D_burst,ratio,1.7703784160426712,0.16666666666666666,
b,03_django_gunicorn,D_burst,ratio,200.04282723828837,1.0,H
b,07_iis_waitress,D_burst,ratio,7.976749630911507,0.8333333333333334,
b,04_aca,D_burst,ratio,1.3685734497463442,0.0,L
b,05_koyeb,D_burst,ratio,2.3245566957288624,0.3333333333333333,
b,06_flyio,D_burst,ratio,4.819900800262392,0.6666666666666666,
c,01_apache_modwsgi,A_browse,goodput_rps,19.55,0.0,L
c,02_nginx_uwsgi,A_browse,goodput_rps,20.001,0.75,
c,03_django_gunicorn,A_browse,goodput_rps,20.001,0.75,
c,07_iis_waitress,A_browse,goodput_rps,20.0015,1.0,H
c,04_aca,A_browse,goodput_rps,19.998,0.5,
c,05_koyeb,A_browse,goodput_rps,19.573999999999998,0.16666666666666666,
c,06_flyio,A_browse,goodput_rps,19.909,0.3333333333333333,
c,01_apache_modwsgi,A_browse,error_rate,0.014541,1.0,H
c,02_nginx_uwsgi,A_browse,error_rate,0.0,0.08333333333333333,L
c,03_django_gunicorn,A_browse,error_rate,1.4e-05,0.3333333333333333,
c,07_iis_waitress,A_browse,error_rate,0.0,0.08333333333333333,L
c,04_aca,A_browse,error_rate,0.000194,0.5,
c,05_koyeb,A_browse,error_rate,0.0007329999999999999,0.6666666666666666,
c,06_flyio,A_browse,error_rate,0.001046,0.8333333333333334,
c,01_apache_modwsgi,A_browse,apdex_t500_f2000,0.9825999999999999,0.3333333333333333,
c,02_nginx_uwsgi,A_browse,apdex_t500_f2000,0.9936,0.5,
c,03_django_gunicorn,A_browse,apdex_t500_f2000,0.9939,0.6666666666666666,
c,07_iis_waitress,A_browse,apdex_t500_f2000,0.99985,1.0,H
c,04_aca,A_browse,apdex_t500_f2000,0.999,0.8333333333333334,
c,05_koyeb,A_browse,apdex_t500_f2000,0.9795,0.16666666666666666,
c,06_flyio,A_browse,apdex_t500_f2000,0.9359500000000001,0.0,L
c,01_apache_modwsgi,B_mixed,goodput_rps,14.7665,0.0,L
c,02_nginx_uwsgi,B_mixed,goodput_rps,15.001,0.8333333333333334,H
c,03_django_gunicorn,B_mixed,goodput_rps,15.001,0.8333333333333334,H
c,07_iis_waitress,B_mixed,goodput_rps,15.001,0.8333333333333334,H
c,04_aca,B_mixed,goodput_rps,15.0,0.5,
c,05_koyeb,B_mixed,goodput_rps,14.866499999999998,0.16666666666666666,
c,06_flyio,B_mixed,goodput_rps,14.996500000000001,0.3333333333333333,
c,01_apache_modwsgi,B_mixed,error_rate,0.0078705,1.0,H
c,02_nginx_uwsgi,B_mixed,error_rate,0.0,0.16666666666666666,L
c,03_django_gunicorn,B_mixed,error_rate,0.0,0.16666666666666666,L
c,07_iis_waitress,B_mixed,error_rate,0.0,0.16666666666666666,L
c,04_aca,B_mixed,error_rate,0.0002035,0.5,
c,05_koyeb,B_mixed,error_rate,0.0004625,0.8333333333333334,
c,06_flyio,B_mixed,error_rate,0.000407,0.6666666666666666,
c,01_apache_modwsgi,B_mixed,apdex_t500_f2000,0.99175,0.0,L
c,02_nginx_uwsgi,B_mixed,apdex_t500_f2000,0.9999,1.0,H
c,03_django_gunicorn,B_mixed,apdex_t500_f2000,0.99985,0.8333333333333334,
c,07_iis_waitress,B_mixed,apdex_t500_f2000,0.99945,0.6666666666666666,
c,04_aca,B_mixed,apdex_t500_f2000,0.99795,0.5,
c,05_koyeb,B_mixed,apdex_t500_f2000,0.9964500000000001,0.16666666666666666,
c,06_flyio,B_mixed,apdex_t500_f2000,0.997,0.3333333333333333,
d,01_apache_modwsgi,C_checkout,goodput_rps,28.5275,0.0,L
d,02_nginx_uwsgi,C_checkout,goodput_rps,29.983,0.9166666666666666,H
d,03_django_gunicorn,C_checkout,goodput_rps,29.983,0.9166666666666666,H
d,07_iis_waitress,C_checkout,goodput_rps,29.9815,0.6666666666666666,
d,04_aca,C_checkout,goodput_rps,29.981,0.5,
d,05_koyeb,C_checkout,goodput_rps,29.8335,0.3333333333333333,
d,06_flyio,C_checkout,goodput_rps,29.573,0.16666666666666666,
d,01_apache_modwsgi,C_checkout,error_rate,0.01923,1.0,H
d,02_nginx_uwsgi,C_checkout,error_rate,0.0,0.16666666666666666,L
d,03_django_gunicorn,C_checkout,error_rate,0.0,0.16666666666666666,L
d,07_iis_waitress,C_checkout,error_rate,0.0,0.16666666666666666,L
d,04_aca,C_checkout,error_rate,0.000148,0.5,
d,05_koyeb,C_checkout,error_rate,0.000389,0.6666666666666666,
d,06_flyio,C_checkout,error_rate,0.0017245,0.8333333333333334,
d,01_apache_modwsgi,C_checkout,apdex_t500_f2000,0.9775499999999999,0.16666666666666666,
d,02_nginx_uwsgi,C_checkout,apdex_t500_f2000,0.99985,0.8333333333333334,
d,03_django_gunicorn,C_checkout,apdex_t500_f2000,0.9998,0.6666666666666666,
d,07_iis_waitress,C_checkout,apdex_t500_f2000,0.9974000000000001,0.5,
d,04_aca,C_checkout,apdex_t500_f2000,1.0,1.0,H
d,05_koyeb,C_checkout,apdex_t500_f2000,0.9955,0.3333333333333333,
d,06_flyio,C_checkout,apdex_t500_f2000,0.94025,0.0,L
d,01_apache_modwsgi,D_burst,goodput_rps,17.593,0.16666666666666666,
d,02_nginx_uwsgi,D_burst,goodput_rps,17.8365,1.0,H
d,03_django_gunicorn,D_burst,goodput_rps,16.4015,0.0,L
d,07_iis_waitress,D_burst,goodput_rps,17.836,0.8333333333333334,
d,04_aca,D_burst,goodput_rps,17.834,0.6666666666666666,
d,05_koyeb,D_burst,goodput_rps,17.8245,0.5,
d,06_flyio,D_burst,goodput_rps,17.822499999999998,0.3333333333333333,
d,01_apache_modwsgi,D_burst,error_rate,0.0070095,1.0,H
d,02_nginx_uwsgi,D_burst,error_rate,0.0,0.0,L
d,03_django_gunicorn,D_burst,error_rate,0.0038135,0.8333333333333334,
d,07_iis_waitress,D_burst,error_rate,4.6500000000000005e-05,0.16666666666666666,
d,04_aca,D_burst,error_rate,0.0002025,0.3333333333333333,
d,05_koyeb,D_burst,error_rate,0.0004205,0.5,
d,06_flyio,D_burst,error_rate,0.0008879999999999999,0.6666666666666666,
d,01_apache_modwsgi,D_burst,apdex_t500_f2000,0.9922,0.5,
d,02_nginx_uwsgi,D_burst,apdex_t500_f2000,0.99925,0.8333333333333334,
d,03_django_gunicorn,D_burst,apdex_t500_f2000,0.92405,0.0,L
d,07_iis_waitress,D_burst,apdex_t500_f2000,0.9862,0.16666666666666666,
d,04_aca,D_burst,apdex_t500_f2000,0.9999,1.0,H
d,05_koyeb,D_burst,apdex_t500_f2000,0.99745,0.6666666666666666,
d,06_flyio,D_burst,apdex_t500_f2000,0.992,0.3333333333333333,
e,01_apache_modwsgi,A_browse,waiting_p50,103.3675,0.16666666666666666,
e,02_nginx_uwsgi,A_browse,waiting_p50,109.1815,0.5,
e,03_django_gunicorn,A_browse,waiting_p50,106.6635,0.3333333333333333,
e,07_iis_waitress,A_browse,waiting_p50,100.0555,0.0,L
e,04_aca,A_browse,waiting_p50,112.866,0.6666666666666666,
e,05_koyeb,A_browse,waiting_p50,127.8315,0.8333333333333334,
e,06_flyio,A_browse,waiting_p50,130.8885,1.0,H
e,01_apache_modwsgi,A_browse,waiting_p95,142.043,0.16666666666666666,
e,02_nginx_uwsgi,A_browse,waiting_p95,145.54649999999998,0.5,
e,03_django_gunicorn,A_browse,waiting_p95,144.6225,0.3333333333333333,
e,07_iis_waitress,A_browse,waiting_p95,111.94399999999999,0.0,L
e,04_aca,A_browse,waiting_p95,152.6415,0.6666666666666666,
e,05_koyeb,A_browse,waiting_p95,188.30450000000002,0.8333333333333334,
e,06_flyio,A_browse,waiting_p95,708.3935,1.0,H
e,01_apache_modwsgi,A_browse,bandwidth_rx_bps,80024.75,0.5,
e,02_nginx_uwsgi,A_browse,bandwidth_rx_bps,82158.4,1.0,H
e,03_django_gunicorn,A_browse,bandwidth_rx_bps,81889.45,0.6666666666666666,
e,07_iis_waitress,A_browse,bandwidth_rx_bps,82141.65,0.8333333333333334,
e,04_aca,A_browse,bandwidth_rx_bps,77420.6,0.16666666666666666,
e,05_koyeb,A_browse,bandwidth_rx_bps,77267.35,0.0,L
e,06_flyio,A_browse,bandwidth_rx_bps,78845.35,0.3333333333333333,
e,01_apache_modwsgi,B_mixed,waiting_p50,97.51150000000001,0.16666666666666666,
e,02_nginx_uwsgi,B_mixed,waiting_p50,96.007,0.0,L
e,03_django_gunicorn,B_mixed,waiting_p50,101.03800000000001,0.3333333333333333,
e,07_iis_waitress,B_mixed,waiting_p50,105.83449999999999,0.5,
e,04_aca,B_mixed,waiting_p50,108.878,0.6666666666666666,
e,05_koyeb,B_mixed,waiting_p50,133.5555,1.0,H
e,06_flyio,B_mixed,waiting_p50,113.23849999999999,0.8333333333333334,
e,01_apache_modwsgi,B_mixed,waiting_p95,120.0065,0.16666666666666666,
e,02_nginx_uwsgi,B_mixed,waiting_p95,112.55449999999999,0.0,L
e,03_django_gunicorn,B_mixed,waiting_p95,121.6625,0.3333333333333333,
e,07_iis_waitress,B_mixed,waiting_p95,127.90299999999999,0.5,
e,04_aca,B_mixed,waiting_p95,149.7185,0.8333333333333334,
e,05_koyeb,B_mixed,waiting_p95,161.82999999999998,1.0,H
e,06_flyio,B_mixed,waiting_p95,148.0285,0.6666666666666666,
e,01_apache_modwsgi,B_mixed,bandwidth_rx_bps,49611.95,0.5,
e,02_nginx_uwsgi,B_mixed,bandwidth_rx_bps,50425.65,0.8333333333333334,
e,03_django_gunicorn,B_mixed,bandwidth_rx_bps,50401.75,0.6666666666666666,
e,07_iis_waitress,B_mixed,bandwidth_rx_bps,50516.25,1.0,H
e,04_aca,B_mixed,bandwidth_rx_bps,46711.9,0.0,L
e,05_koyeb,B_mixed,bandwidth_rx_bps,46971.0,0.16666666666666666,
e,06_flyio,B_mixed,bandwidth_rx_bps,47934.0,0.3333333333333333,
f,01_apache_modwsgi,C_checkout,waiting_p50,101.07849999999999,0.5,
f,02_nginx_uwsgi,C_checkout,waiting_p50,96.2975,0.0,L
f,03_django_gunicorn,C_checkout,waiting_p50,99.5095,0.3333333333333333,
f,07_iis_waitress,C_checkout,waiting_p50,105.94,0.6666666666666666,
f,04_aca,C_checkout,waiting_p50,97.1565,0.16666666666666666,
f,05_koyeb,C_checkout,waiting_p50,119.48849999999999,0.8333333333333334,
f,06_flyio,C_checkout,waiting_p50,148.69299999999998,1.0,H
f,01_apache_modwsgi,C_checkout,waiting_p95,144.005,0.6666666666666666,
f,02_nginx_uwsgi,C_checkout,waiting_p95,109.41499999999999,0.0,L
f,03_django_gunicorn,C_checkout,waiting_p95,114.77250000000001,0.3333333333333333,
f,07_iis_waitress,C_checkout,waiting_p95,141.192,0.5,
f,04_aca,C_checkout,waiting_p95,110.7675,0.16666666666666666,
f,05_koyeb,C_checkout,waiting_p95,174.28300000000002,0.8333333333333334,
f,06_flyio,C_checkout,waiting_p95,648.892,1.0,H
f,01_apache_modwsgi,C_checkout,bandwidth_rx_bps,92950.79999999999,0.5,
f,02_nginx_uwsgi,C_checkout,bandwidth_rx_bps,98123.45000000001,0.8333333333333334,
f,03_django_gunicorn,C_checkout,bandwidth_rx_bps,97975.85,0.6666666666666666,
f,07_iis_waitress,C_checkout,bandwidth_rx_bps,98180.0,1.0,H
f,04_aca,C_checkout,bandwidth_rx_bps,91100.70000000001,0.0,L
f,05_koyeb,C_checkout,bandwidth_rx_bps,92504.7,0.3333333333333333,
f,06_flyio,C_checkout,bandwidth_rx_bps,92376.75,0.16666666666666666,
f,01_apache_modwsgi,D_burst,waiting_p50,99.3735,0.0,L
f,02_nginx_uwsgi,D_burst,waiting_p50,101.499,0.3333333333333333,
f,03_django_gunicorn,D_burst,waiting_p50,105.3105,0.5,
f,07_iis_waitress,D_burst,waiting_p50,108.066,0.6666666666666666,
f,04_aca,D_burst,waiting_p50,101.395,0.16666666666666666,
f,05_koyeb,D_burst,waiting_p50,121.3535,1.0,H
f,06_flyio,D_burst,waiting_p50,116.18,0.8333333333333334,
f,01_apache_modwsgi,D_burst,waiting_p95,139.01,0.3333333333333333,
f,02_nginx_uwsgi,D_burst,waiting_p95,129.234,0.16666666666666666,
f,03_django_gunicorn,D_burst,waiting_p95,712.6055,1.0,H
f,07_iis_waitress,D_burst,waiting_p95,200.724,0.8333333333333334,
f,04_aca,D_burst,waiting_p95,118.8565,0.0,L
f,05_koyeb,D_burst,waiting_p95,163.809,0.6666666666666666,
f,06_flyio,D_burst,waiting_p95,159.279,0.5,
f,01_apache_modwsgi,D_burst,bandwidth_rx_bps,81541.9,0.6666666666666666,
f,02_nginx_uwsgi,D_burst,bandwidth_rx_bps,82797.15,0.8333333333333334,
f,03_django_gunicorn,D_burst,bandwidth_rx_bps,76153.29999999999,0.0,L
f,07_iis_waitress,D_burst,bandwidth_rx_bps,82831.79999999999,1.0,H
f,04_aca,D_burst,bandwidth_rx_bps,79094.8,0.16666666666666666,
f,05_koyeb,D_burst,bandwidth_rx_bps,80311.6,0.3333333333333333,
f,06_flyio,D_burst,bandwidth_rx_bps,80548.1,0.5,
