media_path,static_source_path,sha256,size_bytes,status
media/about_images/a1.png,static/img/about/a1.png,263f619f81b31a1d97b8c2b58f7f08924e3e51e4728e4415ea6647b2390e00dd,446666,BYTE_IDENTICAL
media/banners/b10.jpg,static/img/banner/b10.jpg,a8b2aa07bbfaaf72b15cf25b17cd815e9b1eb8e32636686c0a35aa307ceb0f6f,43547,BYTE_IDENTICAL
media/banners/b17.jpg,static/img/banner/b17.jpg,21ede37c9c236eebde029d6626c8fa69ab35b2e6a6bb3a469ad620a9aa473a7d,26657,BYTE_IDENTICAL
media/blog_images/b1.jpg,static/img/blog/b1.jpg,44efc3013d3338673408ceb28015dafb357bb2d386aceb15724db8a882282512,97196,BYTE_IDENTICAL
media/features/f1.png,static/img/features/f1.png,8a4aa52a9964c32b186e357a5f617af0b2bba3873141760df909bb5c4430787a,19929,BYTE_IDENTICAL
media/features/f1_6NCXnIU.png,static/img/features/f1.png,8a4aa52a9964c32b186e357a5f617af0b2bba3873141760df909bb5c4430787a,19929,BYTE_IDENTICAL
media/features/f1_R87dizc.png,static/img/features/f1.png,8a4aa52a9964c32b186e357a5f617af0b2bba3873141760df909bb5c4430787a,19929,BYTE_IDENTICAL
media/features/f1_Sd5aevt.png,static/img/features/f1.png,8a4aa52a9964c32b186e357a5f617af0b2bba3873141760df909bb5c4430787a,19929,BYTE_IDENTICAL
media/features/f2.png,static/img/features/f2.png,bb945d1fbdec4a51461b4bdbfe323a374df94d4aeade91c4278f35b5bbb37b6a,29370,BYTE_IDENTICAL
media/features/f2_sI219AQ.png,static/img/features/f2.png,bb945d1fbdec4a51461b4bdbfe323a374df94d4aeade91c4278f35b5bbb37b6a,29370,BYTE_IDENTICAL
media/features/f3.png,static/img/features/f3.png,e9627bfecd6f67c568ba08957dca1f52d8c2f3e3586aec1c125b38bcebb2f24a,17609,BYTE_IDENTICAL
media/features/f3_ea6FoeP.png,static/img/features/f3.png,e9627bfecd6f67c568ba08957dca1f52d8c2f3e3586aec1c125b38bcebb2f24a,17609,BYTE_IDENTICAL
media/features/f4.png,static/img/features/f4.png,f974cf6f6d1b1b62d5c004f56920a60d794c632be502c24a401c82f297a4c5e0,21594,BYTE_IDENTICAL
media/features/f4_21vxRLR.png,static/img/features/f4.png,f974cf6f6d1b1b62d5c004f56920a60d794c632be502c24a401c82f297a4c5e0,21594,BYTE_IDENTICAL
media/features/f4_Ik32qf7.png,static/img/features/f4.png,f974cf6f6d1b1b62d5c004f56920a60d794c632be502c24a401c82f297a4c5e0,21594,BYTE_IDENTICAL
media/features/f5.png,static/img/features/f5.png,e103eb3f60cdf7ac4892e36222aa761609da3fd86db8a6b781236338886fdfde,20436,BYTE_IDENTICAL
media/features/f5_6l4rCgm.png,static/img/features/f5.png,e103eb3f60cdf7ac4892e36222aa761609da3fd86db8a6b781236338886fdfde,20436,BYTE_IDENTICAL
media/features/f6.png,static/img/features/f6.png,2e10be5a396dc262c92f01cff78f649ab002059daa39a3b1a54faac5f833a45f,17438,BYTE_IDENTICAL
media/features/f6_v2J8bUO.png,static/img/features/f6.png,2e10be5a396dc262c92f01cff78f649ab002059daa39a3b1a54faac5f833a45f,17438,BYTE_IDENTICAL
media/people/1.png,static/img/people/1.png,a757030eebd42a02c808e5220bb59ef390ad794411260b4c7491456cd6b3ddff,7066,BYTE_IDENTICAL
media/people/1_H6IgJfH.png,static/img/people/1.png,a757030eebd42a02c808e5220bb59ef390ad794411260b4c7491456cd6b3ddff,7066,BYTE_IDENTICAL
media/people/1_lNITp1m.png,static/img/people/1.png,a757030eebd42a02c808e5220bb59ef390ad794411260b4c7491456cd6b3ddff,7066,BYTE_IDENTICAL
media/people/1_vNfVUA4.png,static/img/people/1.png,a757030eebd42a02c808e5220bb59ef390ad794411260b4c7491456cd6b3ddff,7066,BYTE_IDENTICAL
media/products/f1.jpg,static/img/products/f1.jpg,5a53131b5e328a9bd6f5014855dce7617ce1a0becc374a778df20a2e2b9bee57,112320,BYTE_IDENTICAL
media/products/f1_LeyFsXq.jpg,static/img/products/f1.jpg,5a53131b5e328a9bd6f5014855dce7617ce1a0becc374a778df20a2e2b9bee57,112320,BYTE_IDENTICAL
media/products/f1_hgU4Q9f.jpg,static/img/products/f1.jpg,5a53131b5e328a9bd6f5014855dce7617ce1a0becc374a778df20a2e2b9bee57,112320,BYTE_IDENTICAL
