path,bytes,sha256
.github/workflows/verify-current-release.yml,1719,3fcf1be012d95168c6f1f83dc213afb686cb69fef02f5984b2789e7f0f41a25b
README.md,7245,1dfa735bc6bf71a5e1aa1da27b86d6d5ecca0cbfe50fc91efe0518ed2978a62d
REPRODUCIBILITY.md,11502,540552a48fd7e76872f5e8784fc3da018555f53f27070b3a47ccfc18d3419668
THESIS_2026-10-01_ALIGNMENT.md,3876,0ed051654b0d7c304b19af0c6ef4177ea1ce05d65fb0a271cf844792c9521590
analysis/README.md,1194,1bba1709b3676b80a0f965350002e980a2a681d60eec5c05035816d8e59d99dc
analysis/current-thesis/chapter4_descriptive_supplement.py,3064,50d6c39739224b263026ddbd465e21507e8c3a23ebb023e0fb47d71f39a301f1
analysis/current-thesis/regenerate_profile_panels.py,4686,18561a984470661363df9944cf1678339aef255aff38ec685bd7e1e17a921d76
analysis/current-thesis/render_completed_delivery.py,3727,bb3df98545cf03e15237c0c2325454d2862e55ee47e87b785c9f406c8e3a36d4
analysis/run_current_thesis.py,3507,81169d7a102da1e5196009803b178addba87208f3d67f41ea3c737b3615eb600
documentation/thesis_alignment_2026-10-01.json,2973,ba041dbfae1544058c349d51eea785153549eaaf28adef73a453385879c083df
results/current-thesis/README.md,1433,2e7dbffefebfb2e0f1d766c7df18db41fbda5210124121985212a8c638c5ee72
results/current-thesis/figure_map_2026-10-01.csv,4521,26f0b8f60bb07bf48f05e4cf55b7c26eeb3fe8a14a2f37c8b2b38956aed8ced0
results/current-thesis/release-2026-10-01/profile_panels/profile_336_cells.csv,20914,3da05ac8dd9295d80f428ffa9adeb03d3801d0b11526e9f6a812af44f6616bab
results/current-thesis/release-2026-10-01/supplement/H4_seven_platform_rules.csv,461,afb7f4d8cd73dea27b15ef43ce9dbf13e9e818459df4a6bbb89b18dc67dc7d70
results/current-thesis/release-2026-10-01/supplement/delivery_shortfall_280_runs.csv,21354,57561bb4a9602f55ffca3b9dc32610f0efc6fbf7d497245cf172183499d02c90
results/current-thesis/release-2026-10-01/supplement/delivery_shortfall_28_cells.csv,1680,94bccd68aefa84ae277e0a9aa326aee5c68fa3aedef2470637e6cb40bef2b498
results/current-thesis/release-2026-10-01/supplement/scenario_specific_cost_28.csv,1620,38fe00f6df6a75dfce3107ff0ce69c2e081325ecbfc02740ddc63fa689684560
verification/verify_current_thesis.py,2807,ba43f8c70b489cc428d7d10ca7aef21ed0c096d2d5779f3e6f5a2c7792558c7b
