platform,scenario,n,median_shortfall_pct,maximum_shortfall_pct,over_one_percent,at_least_five_percent
01_apache_modwsgi,A_browse,10,0.0,1.55,1,0
01_apache_modwsgi,B_mixed,10,0.0,0.018518518518518517,0,0
01_apache_modwsgi,C_checkout,10,0.7388888888888889,4.116666666666666,4,0
01_apache_modwsgi,D_burst,10,0.003115264797507788,0.028037383177570093,0,0
02_nginx_uwsgi,A_browse,10,0.0,0.0,0,0
02_nginx_uwsgi,B_mixed,10,0.0,0.0,0,0
02_nginx_uwsgi,C_checkout,10,0.0,0.9666666666666667,0,0
02_nginx_uwsgi,D_burst,10,0.003115264797507788,4.364485981308412,2,0
03_django_gunicorn,A_browse,10,0.0,3.3222222222222224,1,0
03_django_gunicorn,B_mixed,10,0.0,0.0,0,0
03_django_gunicorn,C_checkout,10,0.0,0.005555555555555556,0,0
03_django_gunicorn,D_burst,10,7.6993769470404985,23.856697819314643,7,6
04_aca,A_browse,10,0.0,3.1416666666666666,1,0
04_aca,B_mixed,10,0.0,0.0,0,0
04_aca,C_checkout,10,0.0,0.0,0,0
04_aca,D_burst,10,0.003115264797507788,0.003115264797507788,0,0
05_koyeb,A_browse,10,0.9708333333333333,2.9555555555555557,5,0
05_koyeb,B_mixed,10,0.0,2.8555555555555556,2,0
05_koyeb,C_checkout,10,0.10833333333333334,53.827777777777776,1,1
05_koyeb,D_burst,10,0.03271028037383177,0.16822429906542055,0,0
06_flyio,A_browse,10,0.13472222222222222,0.6888888888888889,0,0
06_flyio,B_mixed,10,0.0,11.066666666666666,2,2
06_flyio,C_checkout,10,0.42777777777777776,0.8777777777777778,0,0
06_flyio,D_burst,10,0.003115264797507788,7.355140186915888,1,1
07_iis_waitress,A_browse,10,0.0,0.0,0,0
07_iis_waitress,B_mixed,10,0.0,1.3037037037037038,1,0
07_iis_waitress,C_checkout,10,0.002777777777777778,0.2111111111111111,0,0
07_iis_waitress,D_burst,10,0.003115264797507788,0.13707165109034267,0,0
