run_id,platform,scenario,k6_iterations,planned_starts,shortfall_pct
01_apache_modwsgi__A_browse__rep01,01_apache_modwsgi,A_browse,35442,36000,1.55
01_apache_modwsgi__A_browse__rep02,01_apache_modwsgi,A_browse,36001,36000,0.0
01_apache_modwsgi__A_browse__rep03,01_apache_modwsgi,A_browse,36001,36000,0.0
01_apache_modwsgi__A_browse__rep04,01_apache_modwsgi,A_browse,36001,36000,0.0
01_apache_modwsgi__A_browse__rep05,01_apache_modwsgi,A_browse,36001,36000,0.0
01_apache_modwsgi__A_browse__rep06,01_apache_modwsgi,A_browse,36000,36000,0.0
01_apache_modwsgi__A_browse__rep07,01_apache_modwsgi,A_browse,36000,36000,0.0
01_apache_modwsgi__A_browse__rep08,01_apache_modwsgi,A_browse,36001,36000,0.0
01_apache_modwsgi__A_browse__rep09,01_apache_modwsgi,A_browse,36001,36000,0.0
01_apache_modwsgi__A_browse__rep10,01_apache_modwsgi,A_browse,36001,36000,0.0
01_apache_modwsgi__B_mixed__rep01,01_apache_modwsgi,B_mixed,27001,27000,0.0
01_apache_modwsgi__B_mixed__rep02,01_apache_modwsgi,B_mixed,27000,27000,0.0
01_apache_modwsgi__B_mixed__rep03,01_apache_modwsgi,B_mixed,27000,27000,0.0
01_apache_modwsgi__B_mixed__rep04,01_apache_modwsgi,B_mixed,27000,27000,0.0
01_apache_modwsgi__B_mixed__rep05,01_apache_modwsgi,B_mixed,27001,27000,0.0
01_apache_modwsgi__B_mixed__rep06,01_apache_modwsgi,B_mixed,27000,27000,0.0
01_apache_modwsgi__B_mixed__rep07,01_apache_modwsgi,B_mixed,27001,27000,0.0
01_apache_modwsgi__B_mixed__rep08,01_apache_modwsgi,B_mixed,27001,27000,0.0
01_apache_modwsgi__B_mixed__rep09,01_apache_modwsgi,B_mixed,26995,27000,0.018518518518518517
01_apache_modwsgi__B_mixed__rep10,01_apache_modwsgi,B_mixed,27000,27000,0.0
01_apache_modwsgi__C_checkout__rep01,01_apache_modwsgi,C_checkout,17998,18000,0.011111111111111112
01_apache_modwsgi__C_checkout__rep02,01_apache_modwsgi,C_checkout,18000,18000,0.0
01_apache_modwsgi__C_checkout__rep03,01_apache_modwsgi,C_checkout,18001,18000,0.0
01_apache_modwsgi__C_checkout__rep04,01_apache_modwsgi,C_checkout,17391,18000,3.3833333333333333
01_apache_modwsgi__C_checkout__rep05,01_apache_modwsgi,C_checkout,17910,18000,0.5
01_apache_modwsgi__C_checkout__rep06,01_apache_modwsgi,C_checkout,17824,18000,0.9777777777777777
01_apache_modwsgi__C_checkout__rep07,01_apache_modwsgi,C_checkout,17259,18000,4.116666666666666
01_apache_modwsgi__C_checkout__rep08,01_apache_modwsgi,C_checkout,17744,18000,1.4222222222222223
01_apache_modwsgi__C_checkout__rep09,01_apache_modwsgi,C_checkout,17610,18000,2.1666666666666665
01_apache_modwsgi__C_checkout__rep10,01_apache_modwsgi,C_checkout,17961,18000,0.21666666666666667
01_apache_modwsgi__D_burst__rep01,01_apache_modwsgi,D_burst,32099,32100,0.003115264797507788
01_apache_modwsgi__D_burst__rep02,01_apache_modwsgi,D_burst,32099,32100,0.003115264797507788
01_apache_modwsgi__D_burst__rep03,01_apache_modwsgi,D_burst,32099,32100,0.003115264797507788
01_apache_modwsgi__D_burst__rep04,01_apache_modwsgi,D_burst,32094,32100,0.018691588785046728
01_apache_modwsgi__D_burst__rep05,01_apache_modwsgi,D_burst,32099,32100,0.003115264797507788
01_apache_modwsgi__D_burst__rep06,01_apache_modwsgi,D_burst,32099,32100,0.003115264797507788
01_apache_modwsgi__D_burst__rep07,01_apache_modwsgi,D_burst,32099,32100,0.003115264797507788
01_apache_modwsgi__D_burst__rep08,01_apache_modwsgi,D_burst,32091,32100,0.028037383177570093
01_apache_modwsgi__D_burst__rep09,01_apache_modwsgi,D_burst,32099,32100,0.003115264797507788
01_apache_modwsgi__D_burst__rep10,01_apache_modwsgi,D_burst,32099,32100,0.003115264797507788
02_nginx_uwsgi__A_browse__rep01,02_nginx_uwsgi,A_browse,36001,36000,0.0
02_nginx_uwsgi__A_browse__rep02,02_nginx_uwsgi,A_browse,36001,36000,0.0
02_nginx_uwsgi__A_browse__rep03,02_nginx_uwsgi,A_browse,36001,36000,0.0
02_nginx_uwsgi__A_browse__rep04,02_nginx_uwsgi,A_browse,36001,36000,0.0
02_nginx_uwsgi__A_browse__rep05,02_nginx_uwsgi,A_browse,36001,36000,0.0
02_nginx_uwsgi__A_browse__rep06,02_nginx_uwsgi,A_browse,36000,36000,0.0
02_nginx_uwsgi__A_browse__rep07,02_nginx_uwsgi,A_browse,36000,36000,0.0
02_nginx_uwsgi__A_browse__rep08,02_nginx_uwsgi,A_browse,36000,36000,0.0
02_nginx_uwsgi__A_browse__rep09,02_nginx_uwsgi,A_browse,36001,36000,0.0
02_nginx_uwsgi__A_browse__rep10,02_nginx_uwsgi,A_browse,36001,36000,0.0
02_nginx_uwsgi__B_mixed__rep01,02_nginx_uwsgi,B_mixed,27000,27000,0.0
02_nginx_uwsgi__B_mixed__rep02,02_nginx_uwsgi,B_mixed,27000,27000,0.0
02_nginx_uwsgi__B_mixed__rep03,02_nginx_uwsgi,B_mixed,27000,27000,0.0
02_nginx_uwsgi__B_mixed__rep04,02_nginx_uwsgi,B_mixed,27000,27000,0.0
02_nginx_uwsgi__B_mixed__rep05,02_nginx_uwsgi,B_mixed,27001,27000,0.0
02_nginx_uwsgi__B_mixed__rep06,02_nginx_uwsgi,B_mixed,27000,27000,0.0
02_nginx_uwsgi__B_mixed__rep07,02_nginx_uwsgi,B_mixed,27001,27000,0.0
02_nginx_uwsgi__B_mixed__rep08,02_nginx_uwsgi,B_mixed,27001,27000,0.0
02_nginx_uwsgi__B_mixed__rep09,02_nginx_uwsgi,B_mixed,27000,27000,0.0
02_nginx_uwsgi__B_mixed__rep10,02_nginx_uwsgi,B_mixed,27001,27000,0.0
02_nginx_uwsgi__C_checkout__rep01,02_nginx_uwsgi,C_checkout,18001,18000,0.0
02_nginx_uwsgi__C_checkout__rep02,02_nginx_uwsgi,C_checkout,18000,18000,0.0
02_nginx_uwsgi__C_checkout__rep03,02_nginx_uwsgi,C_checkout,18000,18000,0.0
02_nginx_uwsgi__C_checkout__rep04,02_nginx_uwsgi,C_checkout,18001,18000,0.0
02_nginx_uwsgi__C_checkout__rep05,02_nginx_uwsgi,C_checkout,18000,18000,0.0
02_nginx_uwsgi__C_checkout__rep06,02_nginx_uwsgi,C_checkout,18000,18000,0.0
02_nginx_uwsgi__C_checkout__rep07,02_nginx_uwsgi,C_checkout,17988,18000,0.06666666666666667
02_nginx_uwsgi__C_checkout__rep08,02_nginx_uwsgi,C_checkout,18001,18000,0.0
02_nginx_uwsgi__C_checkout__rep09,02_nginx_uwsgi,C_checkout,17870,18000,0.7222222222222222
02_nginx_uwsgi__C_checkout__rep10,02_nginx_uwsgi,C_checkout,17826,18000,0.9666666666666667
02_nginx_uwsgi__D_burst__rep01,02_nginx_uwsgi,D_burst,30699,32100,4.364485981308412
02_nginx_uwsgi__D_burst__rep02,02_nginx_uwsgi,D_burst,32099,32100,0.003115264797507788
02_nginx_uwsgi__D_burst__rep03,02_nginx_uwsgi,D_burst,32099,32100,0.003115264797507788
02_nginx_uwsgi__D_burst__rep04,02_nginx_uwsgi,D_burst,31669,32100,1.3426791277258567
02_nginx_uwsgi__D_burst__rep05,02_nginx_uwsgi,D_burst,32058,32100,0.1308411214953271
02_nginx_uwsgi__D_burst__rep06,02_nginx_uwsgi,D_burst,31987,32100,0.35202492211838005
02_nginx_uwsgi__D_burst__rep07,02_nginx_uwsgi,D_burst,32099,32100,0.003115264797507788
02_nginx_uwsgi__D_burst__rep08,02_nginx_uwsgi,D_burst,32099,32100,0.003115264797507788
02_nginx_uwsgi__D_burst__rep09,02_nginx_uwsgi,D_burst,32100,32100,0.0
02_nginx_uwsgi__D_burst__rep10,02_nginx_uwsgi,D_burst,32099,32100,0.003115264797507788
03_django_gunicorn__A_browse__rep01,03_django_gunicorn,A_browse,36001,36000,0.0
03_django_gunicorn__A_browse__rep02,03_django_gunicorn,A_browse,36001,36000,0.0
03_django_gunicorn__A_browse__rep03,03_django_gunicorn,A_browse,36000,36000,0.0
03_django_gunicorn__A_browse__rep04,03_django_gunicorn,A_browse,35999,36000,0.002777777777777778
03_django_gunicorn__A_browse__rep05,03_django_gunicorn,A_browse,35994,36000,0.016666666666666666
03_django_gunicorn__A_browse__rep06,03_django_gunicorn,A_browse,34804,36000,3.3222222222222224
03_django_gunicorn__A_browse__rep07,03_django_gunicorn,A_browse,36000,36000,0.0
03_django_gunicorn__A_browse__rep08,03_django_gunicorn,A_browse,36001,36000,0.0
03_django_gunicorn__A_browse__rep09,03_django_gunicorn,A_browse,36001,36000,0.0
03_django_gunicorn__A_browse__rep10,03_django_gunicorn,A_browse,36001,36000,0.0
03_django_gunicorn__B_mixed__rep01,03_django_gunicorn,B_mixed,27000,27000,0.0
03_django_gunicorn__B_mixed__rep02,03_django_gunicorn,B_mixed,27000,27000,0.0
03_django_gunicorn__B_mixed__rep03,03_django_gunicorn,B_mixed,27000,27000,0.0
03_django_gunicorn__B_mixed__rep04,03_django_gunicorn,B_mixed,27000,27000,0.0
03_django_gunicorn__B_mixed__rep05,03_django_gunicorn,B_mixed,27000,27000,0.0
03_django_gunicorn__B_mixed__rep06,03_django_gunicorn,B_mixed,27001,27000,0.0
03_django_gunicorn__B_mixed__rep07,03_django_gunicorn,B_mixed,27001,27000,0.0
03_django_gunicorn__B_mixed__rep08,03_django_gunicorn,B_mixed,27001,27000,0.0
03_django_gunicorn__B_mixed__rep09,03_django_gunicorn,B_mixed,27001,27000,0.0
03_django_gunicorn__B_mixed__rep10,03_django_gunicorn,B_mixed,27000,27000,0.0
03_django_gunicorn__C_checkout__rep01,03_django_gunicorn,C_checkout,18001,18000,0.0
03_django_gunicorn__C_checkout__rep02,03_django_gunicorn,C_checkout,18000,18000,0.0
03_django_gunicorn__C_checkout__rep03,03_django_gunicorn,C_checkout,18001,18000,0.0
03_django_gunicorn__C_checkout__rep04,03_django_gunicorn,C_checkout,18001,18000,0.0
03_django_gunicorn__C_checkout__rep05,03_django_gunicorn,C_checkout,18001,18000,0.0
03_django_gunicorn__C_checkout__rep06,03_django_gunicorn,C_checkout,17999,18000,0.005555555555555556
03_django_gunicorn__C_checkout__rep07,03_django_gunicorn,C_checkout,18001,18000,0.0
03_django_gunicorn__C_checkout__rep08,03_django_gunicorn,C_checkout,18001,18000,0.0
03_django_gunicorn__C_checkout__rep09,03_django_gunicorn,C_checkout,18001,18000,0.0
03_django_gunicorn__C_checkout__rep10,03_django_gunicorn,C_checkout,18000,18000,0.0
03_django_gunicorn__D_burst__rep01,03_django_gunicorn,D_burst,27780,32100,13.457943925233645
03_django_gunicorn__D_burst__rep02,03_django_gunicorn,D_burst,29644,32100,7.651090342679128
03_django_gunicorn__D_burst__rep03,03_django_gunicorn,D_burst,32099,32100,0.003115264797507788
03_django_gunicorn__D_burst__rep04,03_django_gunicorn,D_burst,29315,32100,8.67601246105919
03_django_gunicorn__D_burst__rep05,03_django_gunicorn,D_burst,32099,32100,0.003115264797507788
03_django_gunicorn__D_burst__rep06,03_django_gunicorn,D_burst,29613,32100,7.747663551401869
03_django_gunicorn__D_burst__rep07,03_django_gunicorn,D_burst,26109,32100,18.66355140186916
03_django_gunicorn__D_burst__rep08,03_django_gunicorn,D_burst,32074,32100,0.08099688473520249
03_django_gunicorn__D_burst__rep09,03_django_gunicorn,D_burst,24442,32100,23.856697819314643
03_django_gunicorn__D_burst__rep10,03_django_gunicorn,D_burst,31633,32100,1.4548286604361371
04_aca__A_browse__rep01,04_aca,A_browse,34869,36000,3.1416666666666666
04_aca__A_browse__rep02,04_aca,A_browse,36001,36000,0.0
04_aca__A_browse__rep03,04_aca,A_browse,36000,36000,0.0
04_aca__A_browse__rep04,04_aca,A_browse,36001,36000,0.0
04_aca__A_browse__rep05,04_aca,A_browse,36001,36000,0.0
04_aca__A_browse__rep06,04_aca,A_browse,36001,36000,0.0
04_aca__A_browse__rep07,04_aca,A_browse,36000,36000,0.0
04_aca__A_browse__rep08,04_aca,A_browse,36001,36000,0.0
04_aca__A_browse__rep09,04_aca,A_browse,36001,36000,0.0
04_aca__A_browse__rep10,04_aca,A_browse,36000,36000,0.0
04_aca__B_mixed__rep01,04_aca,B_mixed,27001,27000,0.0
04_aca__B_mixed__rep02,04_aca,B_mixed,27000,27000,0.0
04_aca__B_mixed__rep03,04_aca,B_mixed,27000,27000,0.0
04_aca__B_mixed__rep04,04_aca,B_mixed,27000,27000,0.0
04_aca__B_mixed__rep05,04_aca,B_mixed,27000,27000,0.0
04_aca__B_mixed__rep06,04_aca,B_mixed,27001,27000,0.0
04_aca__B_mixed__rep07,04_aca,B_mixed,27000,27000,0.0
04_aca__B_mixed__rep08,04_aca,B_mixed,27001,27000,0.0
04_aca__B_mixed__rep09,04_aca,B_mixed,27000,27000,0.0
04_aca__B_mixed__rep10,04_aca,B_mixed,27001,27000,0.0
04_aca__C_checkout__rep01,04_aca,C_checkout,18000,18000,0.0
04_aca__C_checkout__rep02,04_aca,C_checkout,18001,18000,0.0
04_aca__C_checkout__rep03,04_aca,C_checkout,18001,18000,0.0
04_aca__C_checkout__rep04,04_aca,C_checkout,18000,18000,0.0
04_aca__C_checkout__rep05,04_aca,C_checkout,18000,18000,0.0
04_aca__C_checkout__rep06,04_aca,C_checkout,18000,18000,0.0
04_aca__C_checkout__rep07,04_aca,C_checkout,18000,18000,0.0
04_aca__C_checkout__rep08,04_aca,C_checkout,18000,18000,0.0
04_aca__C_checkout__rep09,04_aca,C_checkout,18000,18000,0.0
04_aca__C_checkout__rep10,04_aca,C_checkout,18000,18000,0.0
04_aca__D_burst__rep01,04_aca,D_burst,32099,32100,0.003115264797507788
04_aca__D_burst__rep02,04_aca,D_burst,32099,32100,0.003115264797507788
04_aca__D_burst__rep03,04_aca,D_burst,32099,32100,0.003115264797507788
04_aca__D_burst__rep04,04_aca,D_burst,32099,32100,0.003115264797507788
04_aca__D_burst__rep05,04_aca,D_burst,32100,32100,0.0
04_aca__D_burst__rep06,04_aca,D_burst,32100,32100,0.0
04_aca__D_burst__rep07,04_aca,D_burst,32099,32100,0.003115264797507788
04_aca__D_burst__rep08,04_aca,D_burst,32099,32100,0.003115264797507788
04_aca__D_burst__rep09,04_aca,D_burst,32099,32100,0.003115264797507788
04_aca__D_burst__rep10,04_aca,D_burst,32100,32100,0.0
05_koyeb__A_browse__rep01,05_koyeb,A_browse,35113,36000,2.463888888888889
05_koyeb__A_browse__rep02,05_koyeb,A_browse,34960,36000,2.888888888888889
05_koyeb__A_browse__rep03,05_koyeb,A_browse,35921,36000,0.21944444444444444
05_koyeb__A_browse__rep04,05_koyeb,A_browse,35921,36000,0.21944444444444444
05_koyeb__A_browse__rep05,05_koyeb,A_browse,36000,36000,0.0
05_koyeb__A_browse__rep06,05_koyeb,A_browse,35617,36000,1.0638888888888889
05_koyeb__A_browse__rep07,05_koyeb,A_browse,35684,36000,0.8777777777777778
05_koyeb__A_browse__rep08,05_koyeb,A_browse,35709,36000,0.8083333333333333
05_koyeb__A_browse__rep09,05_koyeb,A_browse,35091,36000,2.525
05_koyeb__A_browse__rep10,05_koyeb,A_browse,34936,36000,2.9555555555555557
05_koyeb__B_mixed__rep01,05_koyeb,B_mixed,27000,27000,0.0
05_koyeb__B_mixed__rep02,05_koyeb,B_mixed,27001,27000,0.0
05_koyeb__B_mixed__rep03,05_koyeb,B_mixed,27001,27000,0.0
05_koyeb__B_mixed__rep04,05_koyeb,B_mixed,27001,27000,0.0
05_koyeb__B_mixed__rep05,05_koyeb,B_mixed,26974,27000,0.0962962962962963
05_koyeb__B_mixed__rep06,05_koyeb,B_mixed,26585,27000,1.537037037037037
05_koyeb__B_mixed__rep07,05_koyeb,B_mixed,27000,27000,0.0
05_koyeb__B_mixed__rep08,05_koyeb,B_mixed,26229,27000,2.8555555555555556
05_koyeb__B_mixed__rep09,05_koyeb,B_mixed,27000,27000,0.0
05_koyeb__B_mixed__rep10,05_koyeb,B_mixed,26999,27000,0.003703703703703704
05_koyeb__C_checkout__rep01,05_koyeb,C_checkout,17990,18000,0.05555555555555555
05_koyeb__C_checkout__rep02,05_koyeb,C_checkout,17901,18000,0.55
05_koyeb__C_checkout__rep03,05_koyeb,C_checkout,17976,18000,0.13333333333333333
05_koyeb__C_checkout__rep04,05_koyeb,C_checkout,17995,18000,0.027777777777777776
05_koyeb__C_checkout__rep05,05_koyeb,C_checkout,17994,18000,0.03333333333333333
06_flyio__B_mixed__rep08,06_flyio,B_mixed,27000,27000,0.0
06_flyio__B_mixed__rep09,06_flyio,B_mixed,24313,27000,9.951851851851853
06_flyio__B_mixed__rep10,06_flyio,B_mixed,24012,27000,11.066666666666666
07_iis_waitress__A_browse__rep01,07_iis_waitress,A_browse,36001,36000,0.0
07_iis_waitress__A_browse__rep02,07_iis_waitress,A_browse,36001,36000,0.0
07_iis_waitress__A_browse__rep03,07_iis_waitress,A_browse,36001,36000,0.0
07_iis_waitress__A_browse__rep04,07_iis_waitress,A_browse,36001,36000,0.0
07_iis_waitress__A_browse__rep05,07_iis_waitress,A_browse,36001,36000,0.0
07_iis_waitress__A_browse__rep06,07_iis_waitress,A_browse,36000,36000,0.0
07_iis_waitress__A_browse__rep07,07_iis_waitress,A_browse,36001,36000,0.0
07_iis_waitress__A_browse__rep08,07_iis_waitress,A_browse,36001,36000,0.0
07_iis_waitress__A_browse__rep09,07_iis_waitress,A_browse,36000,36000,0.0
07_iis_waitress__A_browse__rep10,07_iis_waitress,A_browse,36000,36000,0.0
07_iis_waitress__B_mixed__rep01,07_iis_waitress,B_mixed,27001,27000,0.0
07_iis_waitress__B_mixed__rep02,07_iis_waitress,B_mixed,27000,27000,0.0
07_iis_waitress__B_mixed__rep03,07_iis_waitress,B_mixed,27000,27000,0.0
07_iis_waitress__B_mixed__rep04,07_iis_waitress,B_mixed,27001,27000,0.0
07_iis_waitress__B_mixed__rep05,07_iis_waitress,B_mixed,27001,27000,0.0
07_iis_waitress__B_mixed__rep06,07_iis_waitress,B_mixed,26999,27000,0.003703703703703704
07_iis_waitress__B_mixed__rep07,07_iis_waitress,B_mixed,26731,27000,0.9962962962962963
07_iis_waitress__B_mixed__rep08,07_iis_waitress,B_mixed,26648,27000,1.3037037037037038
07_iis_waitress__B_mixed__rep09,07_iis_waitress,B_mixed,26891,27000,0.40370370370370373
07_iis_waitress__B_mixed__rep10,07_iis_waitress,B_mixed,27001,27000,0.0
07_iis_waitress__C_checkout__rep01,07_iis_waitress,C_checkout,17997,18000,0.016666666666666666
07_iis_waitress__C_checkout__rep02,07_iis_waitress,C_checkout,17962,18000,0.2111111111111111
07_iis_waitress__C_checkout__rep03,07_iis_waitress,C_checkout,18000,18000,0.0
07_iis_waitress__C_checkout__rep04,07_iis_waitress,C_checkout,18000,18000,0.0
07_iis_waitress__C_checkout__rep05,07_iis_waitress,C_checkout,17999,18000,0.005555555555555556
07_iis_waitress__C_checkout__rep06,07_iis_waitress,C_checkout,17984,18000,0.08888888888888889
07_iis_waitress__C_checkout__rep07,07_iis_waitress,C_checkout,18000,18000,0.0
07_iis_waitress__C_checkout__rep08,07_iis_waitress,C_checkout,17999,18000,0.005555555555555556
07_iis_waitress__C_checkout__rep09,07_iis_waitress,C_checkout,18001,18000,0.0
07_iis_waitress__C_checkout__rep10,07_iis_waitress,C_checkout,18000,18000,0.0
07_iis_waitress__D_burst__rep01,07_iis_waitress,D_burst,32100,32100,0.0
07_iis_waitress__D_burst__rep02,07_iis_waitress,D_burst,32099,32100,0.003115264797507788
07_iis_waitress__D_burst__rep03,07_iis_waitress,D_burst,32099,32100,0.003115264797507788
07_iis_waitress__D_burst__rep04,07_iis_waitress,D_burst,32099,32100,0.003115264797507788
07_iis_waitress__D_burst__rep05,07_iis_waitress,D_burst,32099,32100,0.003115264797507788
07_iis_waitress__D_burst__rep06,07_iis_waitress,D_burst,32099,32100,0.003115264797507788
07_iis_waitress__D_burst__rep07,07_iis_waitress,D_burst,32099,32100,0.003115264797507788
07_iis_waitress__D_burst__rep08,07_iis_waitress,D_burst,32099,32100,0.003115264797507788
07_iis_waitress__D_burst__rep09,07_iis_waitress,D_burst,32056,32100,0.13707165109034267
07_iis_waitress__D_burst__rep10,07_iis_waitress,D_burst,32099,32100,0.003115264797507788
05_koyeb__C_checkout__rep06,05_koyeb,C_checkout,17997,18000,0.016666666666666666
05_koyeb__C_checkout__rep07,05_koyeb,C_checkout,17985,18000,0.08333333333333333
05_koyeb__C_checkout__rep08,05_koyeb,C_checkout,8311,18000,53.827777777777776
05_koyeb__C_checkout__rep09,05_koyeb,C_checkout,17864,18000,0.7555555555555555
05_koyeb__C_checkout__rep10,05_koyeb,C_checkout,17859,18000,0.7833333333333333
05_koyeb__D_burst__rep01,05_koyeb,D_burst,32090,32100,0.03115264797507788
05_koyeb__D_burst__rep02,05_koyeb,D_burst,32095,32100,0.01557632398753894
05_koyeb__D_burst__rep03,05_koyeb,D_burst,32087,32100,0.040498442367601244
05_koyeb__D_burst__rep04,05_koyeb,D_burst,32088,32100,0.037383177570093455
05_koyeb__D_burst__rep05,05_koyeb,D_burst,32087,32100,0.040498442367601244
05_koyeb__D_burst__rep06,05_koyeb,D_burst,32046,32100,0.16822429906542055
05_koyeb__D_burst__rep07,05_koyeb,D_burst,32089,32100,0.03426791277258567
05_koyeb__D_burst__rep08,05_koyeb,D_burst,32099,32100,0.003115264797507788
05_koyeb__D_burst__rep09,05_koyeb,D_burst,32091,32100,0.028037383177570093
05_koyeb__D_burst__rep10,05_koyeb,D_burst,32095,32100,0.01557632398753894
06_flyio__A_browse__rep01,06_flyio,A_browse,36001,36000,0.0
06_flyio__A_browse__rep02,06_flyio,A_browse,36000,36000,0.0
06_flyio__A_browse__rep03,06_flyio,A_browse,35983,36000,0.04722222222222222
06_flyio__A_browse__rep04,06_flyio,A_browse,35898,36000,0.2833333333333333
06_flyio__A_browse__rep05,06_flyio,A_browse,35992,36000,0.022222222222222223
06_flyio__A_browse__rep06,06_flyio,A_browse,35941,36000,0.1638888888888889
06_flyio__A_browse__rep07,06_flyio,A_browse,35752,36000,0.6888888888888889
06_flyio__A_browse__rep08,06_flyio,A_browse,35949,36000,0.14166666666666666
06_flyio__A_browse__rep09,06_flyio,A_browse,35954,36000,0.12777777777777777
06_flyio__A_browse__rep10,06_flyio,A_browse,35920,36000,0.2222222222222222
06_flyio__B_mixed__rep01,06_flyio,B_mixed,27001,27000,0.0
06_flyio__B_mixed__rep02,06_flyio,B_mixed,27000,27000,0.0
06_flyio__B_mixed__rep03,06_flyio,B_mixed,27001,27000,0.0
06_flyio__B_mixed__rep04,06_flyio,B_mixed,27001,27000,0.0
06_flyio__B_mixed__rep05,06_flyio,B_mixed,27001,27000,0.0
06_flyio__B_mixed__rep06,06_flyio,B_mixed,27001,27000,0.0
06_flyio__B_mixed__rep07,06_flyio,B_mixed,27001,27000,0.0
06_flyio__C_checkout__rep01,06_flyio,C_checkout,17999,18000,0.005555555555555556
06_flyio__C_checkout__rep02,06_flyio,C_checkout,17923,18000,0.42777777777777776
06_flyio__C_checkout__rep03,06_flyio,C_checkout,17986,18000,0.07777777777777778
06_flyio__C_checkout__rep04,06_flyio,C_checkout,17877,18000,0.6833333333333333
06_flyio__C_checkout__rep05,06_flyio,C_checkout,17900,18000,0.5555555555555556
06_flyio__C_checkout__rep06,06_flyio,C_checkout,17948,18000,0.28888888888888886
06_flyio__C_checkout__rep07,06_flyio,C_checkout,17842,18000,0.8777777777777778
06_flyio__C_checkout__rep08,06_flyio,C_checkout,17923,18000,0.42777777777777776
06_flyio__C_checkout__rep09,06_flyio,C_checkout,17919,18000,0.45
06_flyio__C_checkout__rep10,06_flyio,C_checkout,17930,18000,0.3888888888888889
06_flyio__D_burst__rep01,06_flyio,D_burst,29739,32100,7.355140186915888
06_flyio__D_burst__rep02,06_flyio,D_burst,32099,32100,0.003115264797507788
06_flyio__D_burst__rep03,06_flyio,D_burst,32099,32100,0.003115264797507788
06_flyio__D_burst__rep04,06_flyio,D_burst,32099,32100,0.003115264797507788
06_flyio__D_burst__rep05,06_flyio,D_burst,32099,32100,0.003115264797507788
06_flyio__D_burst__rep06,06_flyio,D_burst,32099,32100,0.003115264797507788
06_flyio__D_burst__rep07,06_flyio,D_burst,32099,32100,0.003115264797507788
06_flyio__D_burst__rep08,06_flyio,D_burst,31969,32100,0.40809968847352024
06_flyio__D_burst__rep09,06_flyio,D_burst,32099,32100,0.003115264797507788
06_flyio__D_burst__rep10,06_flyio,D_burst,32099,32100,0.003115264797507788
