platform,scenario,monthly_usd,median_goodput,cost_per_million
01_apache_modwsgi,A_browse,96.98,19.55,1.887600384604904
01_apache_modwsgi,B_mixed,96.98,14.7665,2.499074765111968
01_apache_modwsgi,C_checkout,96.98,28.5275,1.2935794415572999
01_apache_modwsgi,D_burst,96.98,17.593,2.0975721888834125
02_nginx_uwsgi,A_browse,96.98,20.001,1.845037124095089
02_nginx_uwsgi,B_mixed,96.98,15.001,2.460008500701678
02_nginx_uwsgi,C_checkout,96.98,29.983,1.230783694727875
02_nginx_uwsgi,D_burst,96.98,17.8365,2.06893659176553
03_django_gunicorn,A_browse,96.98,20.001,1.845037124095089
03_django_gunicorn,B_mixed,96.98,15.001,2.460008500701678
03_django_gunicorn,C_checkout,96.98,29.983,1.230783694727875
03_django_gunicorn,D_burst,96.98,16.4015,2.2499519872588407
04_aca,A_browse,157.68,19.998,3.0003000300030003
04_aca,B_mixed,157.68,15.0,4.0
04_aca,C_checkout,157.68,29.981,2.001267469397285
04_aca,D_burst,157.68,17.834,3.3643602108332398
05_koyeb,A_browse,21.43,19.573999999999998,0.41659804365714226
05_koyeb,B_mixed,21.43,14.866499999999998,0.5485144523959844
05_koyeb,C_checkout,21.43,29.8335,0.27333333690465084
05_koyeb,D_burst,21.43,17.8245,0.45748773354343186
06_flyio,A_browse,11.39,19.909,0.21769523172137947
06_flyio,B_mixed,11.39,14.996500000000001,0.2890070595366215
06_flyio,C_checkout,11.39,29.573,0.14655578968454142
06_flyio,D_burst,11.39,17.822499999999998,0.24318105587549133
07_iis_waitress,A_browse,173.71,20.0015,3.3047369240305455
07_iis_waitress,B_mixed,173.71,15.001,4.40635261555876
07_iis_waitress,C_checkout,173.71,29.9815,2.204682740556575
07_iis_waitress,D_burst,173.71,17.836,3.7059708222693972
