Category,Relative_Path,Filename,Extension,Size_Bytes,Last_Write_Time,Readable,SHA256,Error,Platform,Scenario,Replication,Run_ID
DOCKER_STATS,data\docker_stats\01_apache_modwsgi__A_browse__rep01__docker_stats.csv,01_apache_modwsgi__A_browse__rep01__docker_stats.csv,.csv,258292,2026-05-16T22:51:44.869708,True,78b0d3497cf5d660287d406f26d1f1b9bbcaf5257af937607d8cce3f56f8d3ae,,01_apache_modwsgi,A_browse,1,01_apache_modwsgi__A_browse__rep01
DOCKER_STATS,data\docker_stats\01_apache_modwsgi__A_browse__rep02__docker_stats.csv,01_apache_modwsgi__A_browse__rep02__docker_stats.csv,.csv,257845,2026-05-16T23:24:40.687186,True,19248d4f90e6e2cee57067fb970162ddb34c80c2624e6a526955a7811365905b,,01_apache_modwsgi,A_browse,2,01_apache_modwsgi__A_browse__rep02
DOCKER_STATS,data\docker_stats\01_apache_modwsgi__A_browse__rep03__docker_stats.csv,01_apache_modwsgi__A_browse__rep03__docker_stats.csv,.csv,258141,2026-05-16T23:57:35.968609,True,b5e8f6e4190d48ad4fafc8cc3739fd1c2ecec9507f85e3621b49a337f53d4368,,01_apache_modwsgi,A_browse,3,01_apache_modwsgi__A_browse__rep03
DOCKER_STATS,data\docker_stats\01_apache_modwsgi__A_browse__rep04__docker_stats.csv,01_apache_modwsgi__A_browse__rep04__docker_stats.csv,.csv,258217,2026-05-17T00:30:32.497963,True,025b0c29673e947f9664e6a0b6051bdd3c045b8b04f980381666bbc88ae42384,,01_apache_modwsgi,A_browse,4,01_apache_modwsgi__A_browse__rep04
DOCKER_STATS,data\docker_stats\01_apache_modwsgi__A_browse__rep05__docker_stats.csv,01_apache_modwsgi__A_browse__rep05__docker_stats.csv,.csv,258129,2026-05-17T01:03:28.633268,True,c5ca3e42e1183e1c9f049b91874b653a65aea2488930110c7ef5b946d161fcd4,,01_apache_modwsgi,A_browse,5,01_apache_modwsgi__A_browse__rep05
DOCKER_STATS,data\docker_stats\01_apache_modwsgi__A_browse__rep06__docker_stats.csv,01_apache_modwsgi__A_browse__rep06__docker_stats.csv,.csv,258677,2026-05-17T01:36:22.626136,True,76435e79f885428870a8555b8a1f5a48ea96c4492a95ea3437e9f57bd22851a5,,01_apache_modwsgi,A_browse,6,01_apache_modwsgi__A_browse__rep06
DOCKER_STATS,data\docker_stats\01_apache_modwsgi__A_browse__rep07__docker_stats.csv,01_apache_modwsgi__A_browse__rep07__docker_stats.csv,.csv,259355,2026-05-17T02:09:16.435587,True,9638139f243e78dd5164aed78009d1946347e2d164578aea408df43edf862583,,01_apache_modwsgi,A_browse,7,01_apache_modwsgi__A_browse__rep07
DOCKER_STATS,data\docker_stats\01_apache_modwsgi__A_browse__rep08__docker_stats.csv,01_apache_modwsgi__A_browse__rep08__docker_stats.csv,.csv,259200,2026-05-17T02:42:10.983909,True,6c36fd2017fa38f7d04b843c371d92210b74144c8d9f158209692c59233a8e93,,01_apache_modwsgi,A_browse,8,01_apache_modwsgi__A_browse__rep08
DOCKER_STATS,data\docker_stats\01_apache_modwsgi__A_browse__rep09__docker_stats.csv,01_apache_modwsgi__A_browse__rep09__docker_stats.csv,.csv,259470,2026-05-17T03:15:04.933964,True,d1ff283d9629363edefe44c56009f9d7d1fd57c2879b35df8e5ebd6d0e9b1905,,01_apache_modwsgi,A_browse,9,01_apache_modwsgi__A_browse__rep09
DOCKER_STATS,data\docker_stats\01_apache_modwsgi__A_browse__rep10__docker_stats.csv,01_apache_modwsgi__A_browse__rep10__docker_stats.csv,.csv,260759,2026-05-17T03:48:01.012330,True,3767b1c3caacef05da01b6fa05d8bdfb56df41517cc1eb1e20fde318cae4ac5d,,01_apache_modwsgi,A_browse,10,01_apache_modwsgi__A_browse__rep10
DOCKER_STATS,data\docker_stats\01_apache_modwsgi__B_mixed__rep01__docker_stats.csv,01_apache_modwsgi__B_mixed__rep01__docker_stats.csv,.csv,260526,2026-05-17T04:20:54.874305,True,a086e889e55b62bba2ff4fbe03a83225474cde356963b43c006dd29ccd16e7bc,,01_apache_modwsgi,B_mixed,1,01_apache_modwsgi__B_mixed__rep01
DOCKER_STATS,data\docker_stats\01_apache_modwsgi__B_mixed__rep02__docker_stats.csv,01_apache_modwsgi__B_mixed__rep02__docker_stats.csv,.csv,260795,2026-05-17T04:53:47.558876,True,5c07c2193b26f4af781988bfa3e1df060cea22ed9c05d80f09f4e07c8d9f9020,,01_apache_modwsgi,B_mixed,2,01_apache_modwsgi__B_mixed__rep02
DOCKER_STATS,data\docker_stats\01_apache_modwsgi__B_mixed__rep03__docker_stats.csv,01_apache_modwsgi__B_mixed__rep03__docker_stats.csv,.csv,260306,2026-05-17T05:26:39.859298,True,529e8705e67bcf6e8c2443dc57aa7c6e3c1fe2ab0b9d76932831d568c59b25f2,,01_apache_modwsgi,B_mixed,3,01_apache_modwsgi__B_mixed__rep03
DOCKER_STATS,data\docker_stats\01_apache_modwsgi__B_mixed__rep04__docker_stats.csv,01_apache_modwsgi__B_mixed__rep04__docker_stats.csv,.csv,260662,2026-05-17T05:59:32.151719,True,06cc6fc61af1d361bfad7763c269d55240449a6028f2cee316efdf74f81db0c0,,01_apache_modwsgi,B_mixed,4,01_apache_modwsgi__B_mixed__rep04
DOCKER_STATS,data\docker_stats\01_apache_modwsgi__B_mixed__rep05__docker_stats.csv,01_apache_modwsgi__B_mixed__rep05__docker_stats.csv,.csv,260660,2026-05-17T06:32:24.892469,True,47a1725948b47e7ee1e085048e26f1f26f19302406d003560eecb39c58662592,,01_apache_modwsgi,B_mixed,5,01_apache_modwsgi__B_mixed__rep05
DOCKER_STATS,data\docker_stats\01_apache_modwsgi__B_mixed__rep06__docker_stats.csv,01_apache_modwsgi__B_mixed__rep06__docker_stats.csv,.csv,260788,2026-05-17T07:05:17.585448,True,2dd4d9d9ac9873debfca3c591ade574a2fd61c39ae801d1c7168d80995569ad6,,01_apache_modwsgi,B_mixed,6,01_apache_modwsgi__B_mixed__rep06
DOCKER_STATS,data\docker_stats\01_apache_modwsgi__B_mixed__rep07__docker_stats.csv,01_apache_modwsgi__B_mixed__rep07__docker_stats.csv,.csv,261159,2026-05-17T07:38:10.063938,True,c973683d639b6a12b17b4235b410894653ffb38d4aac5d4e428344da6f3f359f,,01_apache_modwsgi,B_mixed,7,01_apache_modwsgi__B_mixed__rep07
DOCKER_STATS,data\docker_stats\01_apache_modwsgi__B_mixed__rep08__docker_stats.csv,01_apache_modwsgi__B_mixed__rep08__docker_stats.csv,.csv,260175,2026-05-17T08:11:02.514395,True,d186d9975650d61f2993fcb2c02c740b0d318bbe5a70aa973dd33fd132435c64,,01_apache_modwsgi,B_mixed,8,01_apache_modwsgi__B_mixed__rep08
DOCKER_STATS,data\docker_stats\01_apache_modwsgi__B_mixed__rep09__docker_stats.csv,01_apache_modwsgi__B_mixed__rep09__docker_stats.csv,.csv,260309,2026-05-17T08:43:55.805223,True,67819534a2cd04407a51472bd0daa888f153af583c029f49942be0a1d6140621,,01_apache_modwsgi,B_mixed,9,01_apache_modwsgi__B_mixed__rep09
DOCKER_STATS,data\docker_stats\01_apache_modwsgi__B_mixed__rep10__docker_stats.csv,01_apache_modwsgi__B_mixed__rep10__docker_stats.csv,.csv,260310,2026-05-17T09:16:48.704969,True,0d667bc1a8ef19ab0ab822ff2c56b77fe0c66753b04b2c9422ae77bc9f2d2857,,01_apache_modwsgi,B_mixed,10,01_apache_modwsgi__B_mixed__rep10
DOCKER_STATS,data\docker_stats\01_apache_modwsgi__C_checkout__rep01__docker_stats.csv,01_apache_modwsgi__C_checkout__rep01__docker_stats.csv,.csv,260866,2026-05-17T09:49:43.522274,True,0581414e7e2f47058ef39613daa631d9326a8b7942db7cc6c98ef6987e4eb728,,01_apache_modwsgi,C_checkout,1,01_apache_modwsgi__C_checkout__rep01
DOCKER_STATS,data\docker_stats\01_apache_modwsgi__C_checkout__rep02__docker_stats.csv,01_apache_modwsgi__C_checkout__rep02__docker_stats.csv,.csv,258273,2026-05-17T10:22:24.247128,True,c391b72377910e8b078f2a61a3b8415f8dd4b6fa1b459c38062361fc6b571705,,01_apache_modwsgi,C_checkout,2,01_apache_modwsgi__C_checkout__rep02
DOCKER_STATS,data\docker_stats\01_apache_modwsgi__C_checkout__rep03__docker_stats.csv,01_apache_modwsgi__C_checkout__rep03__docker_stats.csv,.csv,258305,2026-05-17T10:55:05.084403,True,a942a679d4b8e8d70fb053ba49d06ba3e4f8a1ad558077d0536a71bb863a28f3,,01_apache_modwsgi,C_checkout,3,01_apache_modwsgi__C_checkout__rep03
DOCKER_STATS,data\docker_stats\01_apache_modwsgi__C_checkout__rep04__docker_stats.csv,01_apache_modwsgi__C_checkout__rep04__docker_stats.csv,.csv,262930,2026-05-17T11:28:15.157907,True,beb89e8b205b81b5c98ac7317db940138496fcb1709ca1c6f2c5bb73ed12864b,,01_apache_modwsgi,C_checkout,4,01_apache_modwsgi__C_checkout__rep04
DOCKER_STATS,data\docker_stats\01_apache_modwsgi__C_checkout__rep05__docker_stats.csv,01_apache_modwsgi__C_checkout__rep05__docker_stats.csv,.csv,262861,2026-05-17T12:01:27.514125,True,19434b828ddc790ad30c7242548fbba4bc84f1c970de10fea465d7956b0b68a7,,01_apache_modwsgi,C_checkout,5,01_apache_modwsgi__C_checkout__rep05
DOCKER_STATS,data\docker_stats\01_apache_modwsgi__C_checkout__rep06__docker_stats.csv,01_apache_modwsgi__C_checkout__rep06__docker_stats.csv,.csv,263353,2026-05-17T12:34:43.153870,True,4c46ac3c9c26b56d12e63c1d42db72c76f54bcc766838702ec831677fc3c23d0,,01_apache_modwsgi,C_checkout,6,01_apache_modwsgi__C_checkout__rep06
DOCKER_STATS,data\docker_stats\01_apache_modwsgi__C_checkout__rep07__docker_stats.csv,01_apache_modwsgi__C_checkout__rep07__docker_stats.csv,.csv,260905,2026-05-17T13:07:46.229455,True,35e0a7b27e30ac5288b757b596d1fac4c14f5dab498ef234ebbf1e5fff76071d,,01_apache_modwsgi,C_checkout,7,01_apache_modwsgi__C_checkout__rep07
DOCKER_STATS,data\docker_stats\01_apache_modwsgi__C_checkout__rep08__docker_stats.csv,01_apache_modwsgi__C_checkout__rep08__docker_stats.csv,.csv,262666,2026-05-17T13:40:56.994843,True,2b8c109ee658610cc37080c124bca6f6c7fde4b493b9efd41842f4065119e45d,,01_apache_modwsgi,C_checkout,8,01_apache_modwsgi__C_checkout__rep08
DOCKER_STATS,data\docker_stats\01_apache_modwsgi__C_checkout__rep09__docker_stats.csv,01_apache_modwsgi__C_checkout__rep09__docker_stats.csv,.csv,263013,2026-05-17T14:14:10.356431,True,9237ff9330783fd4eb4081b40969c454ada01c3bc1611f6dda93aa503aa72ec4,,01_apache_modwsgi,C_checkout,9,01_apache_modwsgi__C_checkout__rep09
DOCKER_STATS,data\docker_stats\01_apache_modwsgi__C_checkout__rep10__docker_stats.csv,01_apache_modwsgi__C_checkout__rep10__docker_stats.csv,.csv,262835,2026-05-17T14:47:23.594509,True,58b2ee3b645595925cfb2f152418a8fc712602d7b3a6f4a099db4a31b41ff141,,01_apache_modwsgi,C_checkout,10,01_apache_modwsgi__C_checkout__rep10
DOCKER_STATS,data\docker_stats\01_apache_modwsgi__D_burst__rep01__docker_stats.csv,01_apache_modwsgi__D_burst__rep01__docker_stats.csv,.csv,260532,2026-05-17T15:20:17.137321,True,312da00f74ab5465c8b1b67cf1c6cc8fd6fefe9eca26f3b45efd8f04b6eb40d4,,01_apache_modwsgi,D_burst,1,01_apache_modwsgi__D_burst__rep01
DOCKER_STATS,data\docker_stats\01_apache_modwsgi__D_burst__rep02__docker_stats.csv,01_apache_modwsgi__D_burst__rep02__docker_stats.csv,.csv,260619,2026-05-17T15:53:10.957210,True,e0f5a90f065663ef39d034c6d38baf0e54b77e623f3a63edaa806d6ef2ab8d2e,,01_apache_modwsgi,D_burst,2,01_apache_modwsgi__D_burst__rep02
DOCKER_STATS,data\docker_stats\01_apache_modwsgi__D_burst__rep03__docker_stats.csv,01_apache_modwsgi__D_burst__rep03__docker_stats.csv,.csv,261110,2026-05-17T16:26:04.309690,True,399741ceac944555496c32268879df8f096fe5b3c8eb8a4e341b427a4099f20c,,01_apache_modwsgi,D_burst,3,01_apache_modwsgi__D_burst__rep03
DOCKER_STATS,data\docker_stats\01_apache_modwsgi__D_burst__rep04__docker_stats.csv,01_apache_modwsgi__D_burst__rep04__docker_stats.csv,.csv,261068,2026-05-17T16:58:59.567833,True,0db5cd9f67250a9aebef4f55a5c1c8f795e30e53a736a7bae6b2865f1ef27647,,01_apache_modwsgi,D_burst,4,01_apache_modwsgi__D_burst__rep04
DOCKER_STATS,data\docker_stats\01_apache_modwsgi__D_burst__rep05__docker_stats.csv,01_apache_modwsgi__D_burst__rep05__docker_stats.csv,.csv,261066,2026-05-17T17:31:57.985196,True,a21c5a8dfc78f5cec89156d8eba79f066fbf9a6609bdc73a7d1c6fe897f6a805,,01_apache_modwsgi,D_burst,5,01_apache_modwsgi__D_burst__rep05
DOCKER_STATS,data\docker_stats\01_apache_modwsgi__D_burst__rep06__docker_stats.csv,01_apache_modwsgi__D_burst__rep06__docker_stats.csv,.csv,261379,2026-05-17T18:04:53.160285,True,6b7cdc63759f75fbcb22e8b5ff09263556c6384b35da3217b40c587722e71815,,01_apache_modwsgi,D_burst,6,01_apache_modwsgi__D_burst__rep06
DOCKER_STATS,data\docker_stats\01_apache_modwsgi__D_burst__rep07__docker_stats.csv,01_apache_modwsgi__D_burst__rep07__docker_stats.csv,.csv,262002,2026-05-17T18:37:45.594074,True,65372be38c1f9032ae69fdd7437ded07e486a667cbb22b6d5cc493fc77f9406a,,01_apache_modwsgi,D_burst,7,01_apache_modwsgi__D_burst__rep07
DOCKER_STATS,data\docker_stats\01_apache_modwsgi__D_burst__rep08__docker_stats.csv,01_apache_modwsgi__D_burst__rep08__docker_stats.csv,.csv,262580,2026-05-17T19:10:40.657724,True,8aa3762dd50dfe70f259caf707721a139192a77242309b393b1ee71e11cc5d26,,01_apache_modwsgi,D_burst,8,01_apache_modwsgi__D_burst__rep08
DOCKER_STATS,data\docker_stats\01_apache_modwsgi__D_burst__rep09__docker_stats.csv,01_apache_modwsgi__D_burst__rep09__docker_stats.csv,.csv,261567,2026-05-17T19:43:35.491826,True,1c1166f7fa12230d2d73836d38a9d5df749d8d89b1a002e1bc770a9d7380aed0,,01_apache_modwsgi,D_burst,9,01_apache_modwsgi__D_burst__rep09
DOCKER_STATS,data\docker_stats\01_apache_modwsgi__D_burst__rep10__docker_stats.csv,01_apache_modwsgi__D_burst__rep10__docker_stats.csv,.csv,262416,2026-05-17T20:16:30.435347,True,3b40c15cd13751ac0a0e4a5ccfefb3094fccb2d8604d7e763c79a40364ca2a4e,,01_apache_modwsgi,D_burst,10,01_apache_modwsgi__D_burst__rep10
DOCKER_STATS,data\docker_stats\02_nginx_uwsgi__A_browse__rep01__docker_stats.csv,02_nginx_uwsgi__A_browse__rep01__docker_stats.csv,.csv,260843,2026-05-17T20:49:11.506012,True,3ac3f0ea25b4e0048e957f7108392453b0d69ab43154ea29c30d9ef0275af95b,,02_nginx_uwsgi,A_browse,1,02_nginx_uwsgi__A_browse__rep01
DOCKER_STATS,data\docker_stats\02_nginx_uwsgi__A_browse__rep02__docker_stats.csv,02_nginx_uwsgi__A_browse__rep02__docker_stats.csv,.csv,260861,2026-05-17T21:21:51.412975,True,2043991561a6b91566da3d2f949882959329a8c8aa7aba5e29005b7d02dde82f,,02_nginx_uwsgi,A_browse,2,02_nginx_uwsgi__A_browse__rep02
DOCKER_STATS,data\docker_stats\02_nginx_uwsgi__A_browse__rep03__docker_stats.csv,02_nginx_uwsgi__A_browse__rep03__docker_stats.csv,.csv,260864,2026-05-17T21:54:33.493515,True,341e00d9e8b6d67e8a18f496cab025480f7c1a29bda2d556ea52c6aeff812ac0,,02_nginx_uwsgi,A_browse,3,02_nginx_uwsgi__A_browse__rep03
DOCKER_STATS,data\docker_stats\02_nginx_uwsgi__A_browse__rep04__docker_stats.csv,02_nginx_uwsgi__A_browse__rep04__docker_stats.csv,.csv,261756,2026-05-17T22:27:19.841293,True,8a91fbcabd9edd76adaa565172242b071d16f582e6dc5527da462e4145af55b2,,02_nginx_uwsgi,A_browse,4,02_nginx_uwsgi__A_browse__rep04
DOCKER_STATS,data\docker_stats\02_nginx_uwsgi__A_browse__rep05__docker_stats.csv,02_nginx_uwsgi__A_browse__rep05__docker_stats.csv,.csv,261922,2026-05-17T23:00:04.705739,True,df59b340d691987906949aaa15db92b3251c289f1a9ae46b673b44eb9fcd13a8,,02_nginx_uwsgi,A_browse,5,02_nginx_uwsgi__A_browse__rep05
DOCKER_STATS,data\docker_stats\02_nginx_uwsgi__A_browse__rep06__docker_stats.csv,02_nginx_uwsgi__A_browse__rep06__docker_stats.csv,.csv,261394,2026-05-17T23:32:51.187309,True,17924ba1184558c6c6e5c87607c3dd8c1124bd0728d1faec9715f5974ce61937,,02_nginx_uwsgi,A_browse,6,02_nginx_uwsgi__A_browse__rep06
DOCKER_STATS,data\docker_stats\02_nginx_uwsgi__A_browse__rep07__docker_stats.csv,02_nginx_uwsgi__A_browse__rep07__docker_stats.csv,.csv,261894,2026-05-18T00:05:38.639821,True,257a94f5b8051443bfeae72e97b1c448339f2f45bd775f0a5f088e3965aeed7b,,02_nginx_uwsgi,A_browse,7,02_nginx_uwsgi__A_browse__rep07
DOCKER_STATS,data\docker_stats\02_nginx_uwsgi__A_browse__rep08__docker_stats.csv,02_nginx_uwsgi__A_browse__rep08__docker_stats.csv,.csv,261396,2026-05-18T00:38:21.624219,True,12d088bfc33b768f4d66dc7a6488434bb23f85753d22919e45751af915346870,,02_nginx_uwsgi,A_browse,8,02_nginx_uwsgi__A_browse__rep08
DOCKER_STATS,data\docker_stats\02_nginx_uwsgi__A_browse__rep09__docker_stats.csv,02_nginx_uwsgi__A_browse__rep09__docker_stats.csv,.csv,261884,2026-05-18T01:11:02.138797,True,1a7922ea688c965e9ffe13c0e1ee4dccc2a49a0fb307b69905f149440602c46a,,02_nginx_uwsgi,A_browse,9,02_nginx_uwsgi__A_browse__rep09
DOCKER_STATS,data\docker_stats\02_nginx_uwsgi__A_browse__rep10__docker_stats.csv,02_nginx_uwsgi__A_browse__rep10__docker_stats.csv,.csv,261890,2026-05-18T01:43:42.107132,True,e9d24efff74857b604bdd14139731cfaa0eb23a1a9852c5d390c345a3258cdce,,02_nginx_uwsgi,A_browse,10,02_nginx_uwsgi__A_browse__rep10
DOCKER_STATS,data\docker_stats\02_nginx_uwsgi__B_mixed__rep01__docker_stats.csv,02_nginx_uwsgi__B_mixed__rep01__docker_stats.csv,.csv,261480,2026-05-18T02:16:21.340436,True,cac4ac0f9979df88c98bbb898f13162b56f06165cfcfecd6f43235c1a3fe8b3b,,02_nginx_uwsgi,B_mixed,1,02_nginx_uwsgi__B_mixed__rep01
DOCKER_STATS,data\docker_stats\02_nginx_uwsgi__B_mixed__rep02__docker_stats.csv,02_nginx_uwsgi__B_mixed__rep02__docker_stats.csv,.csv,261867,2026-05-18T02:48:59.209136,True,ebdd6e91814c732139ceec6af79a6c73f8070494cb09501f3a975b231a460fcd,,02_nginx_uwsgi,B_mixed,2,02_nginx_uwsgi__B_mixed__rep02
DOCKER_STATS,data\docker_stats\02_nginx_uwsgi__B_mixed__rep03__docker_stats.csv,02_nginx_uwsgi__B_mixed__rep03__docker_stats.csv,.csv,261865,2026-05-18T03:21:37.152265,True,f8de2e4efb54131db8e0dfa5112694d8a668d478bdcbed6fb00d69f31c3ee8c9,,02_nginx_uwsgi,B_mixed,3,02_nginx_uwsgi__B_mixed__rep03
DOCKER_STATS,data\docker_stats\02_nginx_uwsgi__B_mixed__rep04__docker_stats.csv,02_nginx_uwsgi__B_mixed__rep04__docker_stats.csv,.csv,261872,2026-05-18T03:54:15.543080,True,c9011966e6075ab6b11fae1547dd4aadf43258cc746da56200094d4845381bd4,,02_nginx_uwsgi,B_mixed,4,02_nginx_uwsgi__B_mixed__rep04
DOCKER_STATS,data\docker_stats\02_nginx_uwsgi__B_mixed__rep05__docker_stats.csv,02_nginx_uwsgi__B_mixed__rep05__docker_stats.csv,.csv,262226,2026-05-18T04:26:53.740718,True,68c220d11d2630b66eb55477de38e0422766c31f62e42f9d7cccd93403124fbf,,02_nginx_uwsgi,B_mixed,5,02_nginx_uwsgi__B_mixed__rep05
DOCKER_STATS,data\docker_stats\02_nginx_uwsgi__B_mixed__rep06__docker_stats.csv,02_nginx_uwsgi__B_mixed__rep06__docker_stats.csv,.csv,262405,2026-05-18T04:59:31.612244,True,c9ba9ba945a89ecc416ec8c3d4450c976151c80d8889748203b43dfce2c14a6e,,02_nginx_uwsgi,B_mixed,6,02_nginx_uwsgi__B_mixed__rep06
DOCKER_STATS,data\docker_stats\02_nginx_uwsgi__B_mixed__rep07__docker_stats.csv,02_nginx_uwsgi__B_mixed__rep07__docker_stats.csv,.csv,262292,2026-05-18T05:32:09.840121,True,7d18e3b1affa338ae5f93e93f691136b4c45da91a6abf334232d54dd22c142c3,,02_nginx_uwsgi,B_mixed,7,02_nginx_uwsgi__B_mixed__rep07
DOCKER_STATS,data\docker_stats\02_nginx_uwsgi__B_mixed__rep08__docker_stats.csv,02_nginx_uwsgi__B_mixed__rep08__docker_stats.csv,.csv,262403,2026-05-18T06:04:48.315522,True,1edd0cf60005de518bb91a12e0d9a65182d3ab7f9b53df37408bab86f621244f,,02_nginx_uwsgi,B_mixed,8,02_nginx_uwsgi__B_mixed__rep08
DOCKER_STATS,data\docker_stats\02_nginx_uwsgi__B_mixed__rep09__docker_stats.csv,02_nginx_uwsgi__B_mixed__rep09__docker_stats.csv,.csv,262406,2026-05-18T06:37:26.832561,True,01a06dbc0a9ae2430b47312c6ca9ad59cc684b750cb04a06b433197d291dbc82,,02_nginx_uwsgi,B_mixed,9,02_nginx_uwsgi__B_mixed__rep09
DOCKER_STATS,data\docker_stats\02_nginx_uwsgi__B_mixed__rep10__docker_stats.csv,02_nginx_uwsgi__B_mixed__rep10__docker_stats.csv,.csv,261914,2026-05-18T07:10:05.004586,True,41192c2baf794b4aed02e6266eb93a80d4bff4fc4244bd8c177b6f025a4eca58,,02_nginx_uwsgi,B_mixed,10,02_nginx_uwsgi__B_mixed__rep10
DOCKER_STATS,data\docker_stats\02_nginx_uwsgi__C_checkout__rep01__docker_stats.csv,02_nginx_uwsgi__C_checkout__rep01__docker_stats.csv,.csv,261441,2026-05-18T07:42:44.247069,True,28c62a380ae1b147ac2c3216d70f0fc5b18642f9c19b7a409fc6a7ec97a26be1,,02_nginx_uwsgi,C_checkout,1,02_nginx_uwsgi__C_checkout__rep01
DOCKER_STATS,data\docker_stats\02_nginx_uwsgi__C_checkout__rep02__docker_stats.csv,02_nginx_uwsgi__C_checkout__rep02__docker_stats.csv,.csv,261061,2026-05-18T08:15:25.763503,True,006bd64926e3d7f12a30e415d34252b843025eb911ff34893ff5d35bdfcd5c88,,02_nginx_uwsgi,C_checkout,2,02_nginx_uwsgi__C_checkout__rep02
DOCKER_STATS,data\docker_stats\02_nginx_uwsgi__C_checkout__rep03__docker_stats.csv,02_nginx_uwsgi__C_checkout__rep03__docker_stats.csv,.csv,260469,2026-05-18T08:48:06.230325,True,63704ba867227341cb46f9565e8242803ce28bdac170b31750108788ba94bb45,,02_nginx_uwsgi,C_checkout,3,02_nginx_uwsgi__C_checkout__rep03
DOCKER_STATS,data\docker_stats\02_nginx_uwsgi__C_checkout__rep04__docker_stats.csv,02_nginx_uwsgi__C_checkout__rep04__docker_stats.csv,.csv,260472,2026-05-18T09:20:46.627727,True,20da18ce629f032c13780803ef091fe50bf9c080ba0f932136c9052da140fdab,,02_nginx_uwsgi,C_checkout,4,02_nginx_uwsgi__C_checkout__rep04
DOCKER_STATS,data\docker_stats\02_nginx_uwsgi__C_checkout__rep05__docker_stats.csv,02_nginx_uwsgi__C_checkout__rep05__docker_stats.csv,.csv,260479,2026-05-18T09:53:26.883084,True,80a9cb6af5ccd501e5c742734b59827764b310937d88240bda9e5111b0c5a94a,,02_nginx_uwsgi,C_checkout,5,02_nginx_uwsgi__C_checkout__rep05
DOCKER_STATS,data\docker_stats\02_nginx_uwsgi__C_checkout__rep06__docker_stats.csv,02_nginx_uwsgi__C_checkout__rep06__docker_stats.csv,.csv,260370,2026-05-18T10:26:07.574214,True,0b432dc2e01a16ffad124b45d6cce766ea437748adc2bef17685c82a52940ccb,,02_nginx_uwsgi,C_checkout,6,02_nginx_uwsgi__C_checkout__rep06
DOCKER_STATS,data\docker_stats\02_nginx_uwsgi__C_checkout__rep07__docker_stats.csv,02_nginx_uwsgi__C_checkout__rep07__docker_stats.csv,.csv,260484,2026-05-18T10:58:48.406085,True,88b85f2ccb5fbb76ddf0ddc18d133d37be345f914c72d08cf2cfc70889d636db,,02_nginx_uwsgi,C_checkout,7,02_nginx_uwsgi__C_checkout__rep07
DOCKER_STATS,data\docker_stats\02_nginx_uwsgi__C_checkout__rep08__docker_stats.csv,02_nginx_uwsgi__C_checkout__rep08__docker_stats.csv,.csv,260472,2026-05-18T11:31:29.359209,True,10cee8ec70b5e7469ab80b621b39411b29395b63b74393386a6199c346cf9ffd,,02_nginx_uwsgi,C_checkout,8,02_nginx_uwsgi__C_checkout__rep08
DOCKER_STATS,data\docker_stats\02_nginx_uwsgi__C_checkout__rep09__docker_stats.csv,02_nginx_uwsgi__C_checkout__rep09__docker_stats.csv,.csv,260567,2026-05-18T12:04:12.221523,True,d4b8dbba48316063a61e3d226ffcd641f946354adc753b6bdb7abf6359827150,,02_nginx_uwsgi,C_checkout,9,02_nginx_uwsgi__C_checkout__rep09
DOCKER_STATS,data\docker_stats\02_nginx_uwsgi__C_checkout__rep10__docker_stats.csv,02_nginx_uwsgi__C_checkout__rep10__docker_stats.csv,.csv,260739,2026-05-18T12:36:56.066232,True,57074cf97a3a1ab39223d90875360ac42574a72149308266de5c86c6c2614717,,02_nginx_uwsgi,C_checkout,10,02_nginx_uwsgi__C_checkout__rep10
DOCKER_STATS,data\docker_stats\02_nginx_uwsgi__D_burst__rep01__docker_stats.csv,02_nginx_uwsgi__D_burst__rep01__docker_stats.csv,.csv,260422,2026-05-18T13:09:40.077420,True,a129a845559da23035800581d288b984aa4f547427b979dba4c7ee39f9394b27,,02_nginx_uwsgi,D_burst,1,02_nginx_uwsgi__D_burst__rep01
DOCKER_STATS,data\docker_stats\02_nginx_uwsgi__D_burst__rep02__docker_stats.csv,02_nginx_uwsgi__D_burst__rep02__docker_stats.csv,.csv,260118,2026-05-18T13:42:19.312371,True,6d2452344f45131df1bcf83afd4276f16b6c0c8e5181c234e417b677252ee240,,02_nginx_uwsgi,D_burst,2,02_nginx_uwsgi__D_burst__rep02
DOCKER_STATS,data\docker_stats\02_nginx_uwsgi__D_burst__rep03__docker_stats.csv,02_nginx_uwsgi__D_burst__rep03__docker_stats.csv,.csv,260784,2026-05-18T14:14:58.402768,True,7c199db89da8255f70a3a1a40757e20941cfd8a69a68f77921e8e142824b9810,,02_nginx_uwsgi,D_burst,3,02_nginx_uwsgi__D_burst__rep03
DOCKER_STATS,data\docker_stats\02_nginx_uwsgi__D_burst__rep04__docker_stats.csv,02_nginx_uwsgi__D_burst__rep04__docker_stats.csv,.csv,261096,2026-05-18T14:47:39.510267,True,dfa50ed67fd0b9f29e2c5870c00e32c1bdcc31df1f3231d89ddf2620eb114b97,,02_nginx_uwsgi,D_burst,4,02_nginx_uwsgi__D_burst__rep04
DOCKER_STATS,data\docker_stats\02_nginx_uwsgi__D_burst__rep05__docker_stats.csv,02_nginx_uwsgi__D_burst__rep05__docker_stats.csv,.csv,260644,2026-05-18T15:20:22.219366,True,def0c40886275b9f4592b41380cd0ba3b73a1ede3da4e40cc741dbf8105daf50,,02_nginx_uwsgi,D_burst,5,02_nginx_uwsgi__D_burst__rep05
DOCKER_STATS,data\docker_stats\02_nginx_uwsgi__D_burst__rep06__docker_stats.csv,02_nginx_uwsgi__D_burst__rep06__docker_stats.csv,.csv,260826,2026-05-18T15:53:04.280315,True,0467cd9184e62a21a7aa02d76d2d3f63a9d79eab78713d7800613a597fdfa0ba,,02_nginx_uwsgi,D_burst,6,02_nginx_uwsgi__D_burst__rep06
DOCKER_STATS,data\docker_stats\02_nginx_uwsgi__D_burst__rep07__docker_stats.csv,02_nginx_uwsgi__D_burst__rep07__docker_stats.csv,.csv,260648,2026-05-18T16:25:44.998025,True,7ce9f5683731958cf006bd86965b6d316cb5ce3549bf3faa928fea86cef374ce,,02_nginx_uwsgi,D_burst,7,02_nginx_uwsgi__D_burst__rep07
DOCKER_STATS,data\docker_stats\02_nginx_uwsgi__D_burst__rep08__docker_stats.csv,02_nginx_uwsgi__D_burst__rep08__docker_stats.csv,.csv,260647,2026-05-18T16:58:23.414660,True,4346fd8c121a54b2fe819db9d78ff30b35637013fdfd38e7aecf419448c0d19d,,02_nginx_uwsgi,D_burst,8,02_nginx_uwsgi__D_burst__rep08
DOCKER_STATS,data\docker_stats\02_nginx_uwsgi__D_burst__rep09__docker_stats.csv,02_nginx_uwsgi__D_burst__rep09__docker_stats.csv,.csv,261315,2026-05-18T17:31:02.971760,True,b66327c4544945da7363b60d23a6998e3c64509722c2d4387432673329427f07,,02_nginx_uwsgi,D_burst,9,02_nginx_uwsgi__D_burst__rep09
DOCKER_STATS,data\docker_stats\02_nginx_uwsgi__D_burst__rep10__docker_stats.csv,02_nginx_uwsgi__D_burst__rep10__docker_stats.csv,.csv,261142,2026-05-18T18:03:42.490642,True,755386e2b48845fc9e4bc30bd9495cabde68e7716d2126499fc6e095f33303f9,,02_nginx_uwsgi,D_burst,10,02_nginx_uwsgi__D_burst__rep10
DOCKER_STATS,data\docker_stats\03_django_gunicorn__A_browse__rep01__docker_stats.csv,03_django_gunicorn__A_browse__rep01__docker_stats.csv,.csv,261137,2026-05-18T18:36:22.060350,True,d1e52f57838c8315a4393734e908eb98a068d4fbc6fc7ce04d06c59f3d83c743,,03_django_gunicorn,A_browse,1,03_django_gunicorn__A_browse__rep01
DOCKER_STATS,data\docker_stats\03_django_gunicorn__A_browse__rep02__docker_stats.csv,03_django_gunicorn__A_browse__rep02__docker_stats.csv,.csv,261586,2026-05-18T19:09:02.023593,True,d510a6c98446b23135d27cd8b6a69cdfcbfeba886d02186068fb52451fa283ac,,03_django_gunicorn,A_browse,2,03_django_gunicorn__A_browse__rep02
DOCKER_STATS,data\docker_stats\03_django_gunicorn__A_browse__rep03__docker_stats.csv,03_django_gunicorn__A_browse__rep03__docker_stats.csv,.csv,262105,2026-05-18T19:41:41.975283,True,a58bb3301bb415339c64553fe19163a1b0419693b673a4766a9edcae8cad7db4,,03_django_gunicorn,A_browse,3,03_django_gunicorn__A_browse__rep03
DOCKER_STATS,data\docker_stats\03_django_gunicorn__A_browse__rep04__docker_stats.csv,03_django_gunicorn__A_browse__rep04__docker_stats.csv,.csv,262626,2026-05-18T20:14:22.459553,True,5191c6754c318c5b7f2559b1997eb2629f6b7c07f68780aa452d958f83e7e043,,03_django_gunicorn,A_browse,4,03_django_gunicorn__A_browse__rep04
DOCKER_STATS,data\docker_stats\03_django_gunicorn__A_browse__rep05__docker_stats.csv,03_django_gunicorn__A_browse__rep05__docker_stats.csv,.csv,267113,2026-05-18T20:47:37.027486,True,1c39a4017f27c9039138dd06b9778b050a88928a9e39471e3c4c527751c63b97,,03_django_gunicorn,A_browse,5,03_django_gunicorn__A_browse__rep05
DOCKER_STATS,data\docker_stats\03_django_gunicorn__A_browse__rep06__docker_stats.csv,03_django_gunicorn__A_browse__rep06__docker_stats.csv,.csv,263387,2026-05-18T21:20:20.049661,True,5b8d04081187b31d6103cb6c3436bdd7a0458af7024cabc29f95c26f8593cee7,,03_django_gunicorn,A_browse,6,03_django_gunicorn__A_browse__rep06
DOCKER_STATS,data\docker_stats\03_django_gunicorn__A_browse__rep07__docker_stats.csv,03_django_gunicorn__A_browse__rep07__docker_stats.csv,.csv,263279,2026-05-18T21:53:04.954817,True,c72661f9a41bef6db5c81bd10ad79c319dca0e386071ad7850f746ae49b49398,,03_django_gunicorn,A_browse,7,03_django_gunicorn__A_browse__rep07
DOCKER_STATS,data\docker_stats\03_django_gunicorn__A_browse__rep08__docker_stats.csv,03_django_gunicorn__A_browse__rep08__docker_stats.csv,.csv,262975,2026-05-18T22:25:45.184577,True,ab6809c8faea5c94166e51ec2909cbc64ec2b1c6216c17c1b9099fb8c91f6ca4,,03_django_gunicorn,A_browse,8,03_django_gunicorn__A_browse__rep08
DOCKER_STATS,data\docker_stats\03_django_gunicorn__A_browse__rep09__docker_stats.csv,03_django_gunicorn__A_browse__rep09__docker_stats.csv,.csv,262909,2026-05-18T22:58:27.937393,True,445b08f8e1c2baeefc8c2fa7ace1eb7bfcfa3888ed8b2c556c17902d38149166,,03_django_gunicorn,A_browse,9,03_django_gunicorn__A_browse__rep09
DOCKER_STATS,data\docker_stats\03_django_gunicorn__A_browse__rep10__docker_stats.csv,03_django_gunicorn__A_browse__rep10__docker_stats.csv,.csv,261030,2026-05-18T23:31:15.173832,True,f0de78b0b3e10aee71cc1d054e85847b950495c39c92b0de8df540086a880e89,,03_django_gunicorn,A_browse,10,03_django_gunicorn__A_browse__rep10
DOCKER_STATS,data\docker_stats\03_django_gunicorn__B_mixed__rep01__docker_stats.csv,03_django_gunicorn__B_mixed__rep01__docker_stats.csv,.csv,259020,2026-05-19T00:04:00.339993,True,e3d8a96db111e8c880ff1044522131f8ccb6f73ee5ab91803bd6d8c22d4d48ee,,03_django_gunicorn,B_mixed,1,03_django_gunicorn__B_mixed__rep01
DOCKER_STATS,data\docker_stats\03_django_gunicorn__B_mixed__rep02__docker_stats.csv,03_django_gunicorn__B_mixed__rep02__docker_stats.csv,.csv,259724,2026-05-19T00:36:42.162938,True,eb3b28dc75dae039f241bb924dde4745c23fff22bd20474a0803081ee53e9b33,,03_django_gunicorn,B_mixed,2,03_django_gunicorn__B_mixed__rep02
DOCKER_STATS,data\docker_stats\03_django_gunicorn__B_mixed__rep03__docker_stats.csv,03_django_gunicorn__B_mixed__rep03__docker_stats.csv,.csv,259592,2026-05-19T01:09:23.150272,True,9b9124c02fc3f55da0a3273732552dd727b443f36048002378031a7dc53b9376,,03_django_gunicorn,B_mixed,3,03_django_gunicorn__B_mixed__rep03
DOCKER_STATS,data\docker_stats\03_django_gunicorn__B_mixed__rep04__docker_stats.csv,03_django_gunicorn__B_mixed__rep04__docker_stats.csv,.csv,260891,2026-05-19T01:42:02.890507,True,2236097a5d702d551662d350314823c9906d98403cb115d98725a7d9edc8086f,,03_django_gunicorn,B_mixed,4,03_django_gunicorn__B_mixed__rep04
DOCKER_STATS,data\docker_stats\03_django_gunicorn__B_mixed__rep05__docker_stats.csv,03_django_gunicorn__B_mixed__rep05__docker_stats.csv,.csv,263288,2026-05-19T02:14:41.980500,True,0f77622b4fbff679f3dbdaec1b677e555aab477760de9ebc08e165ab7405b439,,03_django_gunicorn,B_mixed,5,03_django_gunicorn__B_mixed__rep05
DOCKER_STATS,data\docker_stats\03_django_gunicorn__B_mixed__rep06__docker_stats.csv,03_django_gunicorn__B_mixed__rep06__docker_stats.csv,.csv,263134,2026-05-19T02:47:21.809258,True,f7ce9a9a9363d674161a6b274d092563203ba1fec254e43c85840fb840ac6d0b,,03_django_gunicorn,B_mixed,6,03_django_gunicorn__B_mixed__rep06
DOCKER_STATS,data\docker_stats\03_django_gunicorn__B_mixed__rep07__docker_stats.csv,03_django_gunicorn__B_mixed__rep07__docker_stats.csv,.csv,263128,2026-05-19T03:20:00.559298,True,f60388bb096ed575c586662cf6bc28884d2db77701762f6e6cc9a59d885bc9be,,03_django_gunicorn,B_mixed,7,03_django_gunicorn__B_mixed__rep07
DOCKER_STATS,data\docker_stats\03_django_gunicorn__B_mixed__rep08__docker_stats.csv,03_django_gunicorn__B_mixed__rep08__docker_stats.csv,.csv,263772,2026-05-19T03:52:39.245252,True,9a8ddf2581d06db61fc399d57133f719e33c827147626f383fb1c6d8e0bc6c66,,03_django_gunicorn,B_mixed,8,03_django_gunicorn__B_mixed__rep08
DOCKER_STATS,data\docker_stats\03_django_gunicorn__B_mixed__rep09__docker_stats.csv,03_django_gunicorn__B_mixed__rep09__docker_stats.csv,.csv,263055,2026-05-19T04:25:17.783682,True,4583e63248fd9fcadbfd18c1a8c9d72afe598eb813f6d26bbc2924bb8f6e5446,,03_django_gunicorn,B_mixed,9,03_django_gunicorn__B_mixed__rep09
DOCKER_STATS,data\docker_stats\03_django_gunicorn__B_mixed__rep10__docker_stats.csv,03_django_gunicorn__B_mixed__rep10__docker_stats.csv,.csv,262974,2026-05-19T04:57:56.148286,True,62f20f68c4539a5cd2c41e7b91ab123d834b8c9bcdd5c98edea5eea0e0f00b92,,03_django_gunicorn,B_mixed,10,03_django_gunicorn__B_mixed__rep10
DOCKER_STATS,data\docker_stats\03_django_gunicorn__C_checkout__rep01__docker_stats.csv,03_django_gunicorn__C_checkout__rep01__docker_stats.csv,.csv,263005,2026-05-19T05:30:36.087848,True,f7cc3250663affd59e40dc91423d186bab87f7d53c30efb1345fdd1b51f624d5,,03_django_gunicorn,C_checkout,1,03_django_gunicorn__C_checkout__rep01
DOCKER_STATS,data\docker_stats\03_django_gunicorn__C_checkout__rep02__docker_stats.csv,03_django_gunicorn__C_checkout__rep02__docker_stats.csv,.csv,263153,2026-05-19T06:03:16.954622,True,bba81db19ef0b38d9fb3ff2f337d91c2c7a637305b0c53661d179df1215c061b,,03_django_gunicorn,C_checkout,2,03_django_gunicorn__C_checkout__rep02
DOCKER_STATS,data\docker_stats\03_django_gunicorn__C_checkout__rep03__docker_stats.csv,03_django_gunicorn__C_checkout__rep03__docker_stats.csv,.csv,263038,2026-05-19T06:35:57.901999,True,d89883362662a8e723fd45d4b2810cd824c9f1a8a4aad591154f9d797b1318d9,,03_django_gunicorn,C_checkout,3,03_django_gunicorn__C_checkout__rep03
DOCKER_STATS,data\docker_stats\03_django_gunicorn__C_checkout__rep04__docker_stats.csv,03_django_gunicorn__C_checkout__rep04__docker_stats.csv,.csv,263003,2026-05-19T07:08:38.783411,True,5b6cb15cbfbfec80bbf91cdbd735327cff74dadc2e755ffaf134cbe1285a1a2c,,03_django_gunicorn,C_checkout,4,03_django_gunicorn__C_checkout__rep04
DOCKER_STATS,data\docker_stats\03_django_gunicorn__C_checkout__rep05__docker_stats.csv,03_django_gunicorn__C_checkout__rep05__docker_stats.csv,.csv,262664,2026-05-19T07:41:19.819197,True,baaef327e866698b256b955746cbf2fddc88e3152f5735024b4b3aab47c09e23,,03_django_gunicorn,C_checkout,5,03_django_gunicorn__C_checkout__rep05
DOCKER_STATS,data\docker_stats\03_django_gunicorn__C_checkout__rep06__docker_stats.csv,03_django_gunicorn__C_checkout__rep06__docker_stats.csv,.csv,262125,2026-05-19T08:14:00.645007,True,51f637b893738194e87e7d387a47c02ac4ee90c0db3c072328ceb759fa7de046,,03_django_gunicorn,C_checkout,6,03_django_gunicorn__C_checkout__rep06
DOCKER_STATS,data\docker_stats\03_django_gunicorn__C_checkout__rep07__docker_stats.csv,03_django_gunicorn__C_checkout__rep07__docker_stats.csv,.csv,261579,2026-05-19T08:46:42.232304,True,7fd4da6bca6465e2b3570b95c09526638d2be62c16c098cc1a623a103aa7d143,,03_django_gunicorn,C_checkout,7,03_django_gunicorn__C_checkout__rep07
DOCKER_STATS,data\docker_stats\03_django_gunicorn__C_checkout__rep08__docker_stats.csv,03_django_gunicorn__C_checkout__rep08__docker_stats.csv,.csv,261721,2026-05-19T09:19:23.666609,True,7777abe078f406cab18411b374e43798bc84bc136ba3e7e04e3525549f1a53af,,03_django_gunicorn,C_checkout,8,03_django_gunicorn__C_checkout__rep08
DOCKER_STATS,data\docker_stats\03_django_gunicorn__C_checkout__rep09__docker_stats.csv,03_django_gunicorn__C_checkout__rep09__docker_stats.csv,.csv,261282,2026-05-19T09:52:05.016247,True,fbb7e0c78da4c7d7e8c440dd3d2c10d1e8d8c5d128daf63f30bee53949f323dd,,03_django_gunicorn,C_checkout,9,03_django_gunicorn__C_checkout__rep09
DOCKER_STATS,data\docker_stats\03_django_gunicorn__C_checkout__rep10__docker_stats.csv,03_django_gunicorn__C_checkout__rep10__docker_stats.csv,.csv,261449,2026-05-19T10:24:46.668681,True,dbb30fd9ff407fd0ea879293139602ed6b07a41dd19a38cf1f411b27fe188594,,03_django_gunicorn,C_checkout,10,03_django_gunicorn__C_checkout__rep10
DOCKER_STATS,data\docker_stats\03_django_gunicorn__D_burst__rep01__docker_stats.csv,03_django_gunicorn__D_burst__rep01__docker_stats.csv,.csv,262238,2026-05-19T10:57:28.706532,True,933427e2df55c8793949b66dfd7504025a5d751bd37d93981b3c1a7898000863,,03_django_gunicorn,D_burst,1,03_django_gunicorn__D_burst__rep01
DOCKER_STATS,data\docker_stats\03_django_gunicorn__D_burst__rep02__docker_stats.csv,03_django_gunicorn__D_burst__rep02__docker_stats.csv,.csv,262846,2026-05-19T11:30:11.178337,True,853d4f2067046c57a8f7be9eabdc78c781c6ebe83a3f20ac249f2063fd54fc6e,,03_django_gunicorn,D_burst,2,03_django_gunicorn__D_burst__rep02
DOCKER_STATS,data\docker_stats\03_django_gunicorn__D_burst__rep03__docker_stats.csv,03_django_gunicorn__D_burst__rep03__docker_stats.csv,.csv,261998,2026-05-19T12:02:53.210440,True,9b7387de0eeb69c81330b788ba57410e10a7f6bc9985ad502cac93dc028e9854,,03_django_gunicorn,D_burst,3,03_django_gunicorn__D_burst__rep03
DOCKER_STATS,data\docker_stats\03_django_gunicorn__D_burst__rep04__docker_stats.csv,03_django_gunicorn__D_burst__rep04__docker_stats.csv,.csv,262531,2026-05-19T12:35:32.683863,True,8478929f4c443f6ee3cf4c815495b863607861bd3beeb4e8bba914ca6ce48c6b,,03_django_gunicorn,D_burst,4,03_django_gunicorn__D_burst__rep04
DOCKER_STATS,data\docker_stats\03_django_gunicorn__D_burst__rep05__docker_stats.csv,03_django_gunicorn__D_burst__rep05__docker_stats.csv,.csv,262234,2026-05-19T13:08:12.555292,True,9f13a11a30583983e537756f8f13d912d5c525e2af26581feaf8f97a9fb4f0ce,,03_django_gunicorn,D_burst,5,03_django_gunicorn__D_burst__rep05
DOCKER_STATS,data\docker_stats\03_django_gunicorn__D_burst__rep06__docker_stats.csv,03_django_gunicorn__D_burst__rep06__docker_stats.csv,.csv,262968,2026-05-19T13:40:56.430020,True,24b2a478e4899354ca85e4c3d961d28d824c9a752eea7561415a5534aa463326,,03_django_gunicorn,D_burst,6,03_django_gunicorn__D_burst__rep06
DOCKER_STATS,data\docker_stats\03_django_gunicorn__D_burst__rep07__docker_stats.csv,03_django_gunicorn__D_burst__rep07__docker_stats.csv,.csv,262867,2026-05-19T14:13:38.545599,True,566365ef0d878afb1208b4173596a7600366264790bd3edc1aace82a96ef09ee,,03_django_gunicorn,D_burst,7,03_django_gunicorn__D_burst__rep07
DOCKER_STATS,data\docker_stats\03_django_gunicorn__D_burst__rep08__docker_stats.csv,03_django_gunicorn__D_burst__rep08__docker_stats.csv,.csv,262830,2026-05-19T14:46:21.602931,True,a7394c25877e82968e2b17b6cd64ec098d525d0161b6f11c17e2fbe8a5f638d5,,03_django_gunicorn,D_burst,8,03_django_gunicorn__D_burst__rep08
DOCKER_STATS,data\docker_stats\03_django_gunicorn__D_burst__rep09__docker_stats.csv,03_django_gunicorn__D_burst__rep09__docker_stats.csv,.csv,263420,2026-05-19T15:19:07.528540,True,ce285f7b9757dcbe7da3c189434811afec1ade869ac983a2cd39129c53bd6bed,,03_django_gunicorn,D_burst,9,03_django_gunicorn__D_burst__rep09
DOCKER_STATS,data\docker_stats\03_django_gunicorn__D_burst__rep10__docker_stats.csv,03_django_gunicorn__D_burst__rep10__docker_stats.csv,.csv,262462,2026-05-19T15:51:47.912590,True,e7e3a95ea556db5a929d0e7172bd0a9d605ee9aecdc37343223219f7a6796c55,,03_django_gunicorn,D_burst,10,03_django_gunicorn__D_burst__rep10
