Category,Relative_Path,Filename,Extension,Size_Bytes,Last_Write_Time,Readable,SHA256,Error,Platform,Scenario,Replication,Run_ID
LOG,logs\01_apache_modwsgi__A_browse__rep01.log,01_apache_modwsgi__A_browse__rep01.log,.log,51858,2026-05-16T22:51:49.968473,True,a25b02e281e6c1c78352265ea19713cb9a7bc94447274032feca7fb4d44bbe3c,,01_apache_modwsgi,A_browse,1,01_apache_modwsgi__A_browse__rep01
LOG,logs\01_apache_modwsgi__A_browse__rep02.log,01_apache_modwsgi__A_browse__rep02.log,.log,9831,2026-05-16T23:24:46.013036,True,bad51c490fe50caa094cb4819261cf9316af3047c3aa180cd929a378833ee27d,,01_apache_modwsgi,A_browse,2,01_apache_modwsgi__A_browse__rep02
LOG,logs\01_apache_modwsgi__A_browse__rep03.log,01_apache_modwsgi__A_browse__rep03.log,.log,9497,2026-05-16T23:57:41.181139,True,9828e585025220a21cd7662843c64f24d05ca207462b2b140ff67e73cdf558c2,,01_apache_modwsgi,A_browse,3,01_apache_modwsgi__A_browse__rep03
LOG,logs\01_apache_modwsgi__A_browse__rep04.log,01_apache_modwsgi__A_browse__rep04.log,.log,9666,2026-05-17T00:30:37.497172,True,997c032d9b73a6d264ed34b46d7839a7691eae649e6e90f33e0c55e1edd5c993,,01_apache_modwsgi,A_browse,4,01_apache_modwsgi__A_browse__rep04
LOG,logs\01_apache_modwsgi__A_browse__rep05.log,01_apache_modwsgi__A_browse__rep05.log,.log,9651,2026-05-17T01:03:33.561216,True,4c5c6b81646574fb26b9922611f22252ebadc0862777cdb591f19fc387873431,,01_apache_modwsgi,A_browse,5,01_apache_modwsgi__A_browse__rep05
LOG,logs\01_apache_modwsgi__A_browse__rep06.log,01_apache_modwsgi__A_browse__rep06.log,.log,9615,2026-05-17T01:36:27.480726,True,cbba0cc74a18e22516834106fa831e09e1b1b7fb850cfad5d0ac84ec60de2df6,,01_apache_modwsgi,A_browse,6,01_apache_modwsgi__A_browse__rep06
LOG,logs\01_apache_modwsgi__A_browse__rep07.log,01_apache_modwsgi__A_browse__rep07.log,.log,9424,2026-05-17T02:09:21.414715,True,e0033a1e7ba1a8076d7e0e390e61116132af5879b788190d6373b2704a09c0fc,,01_apache_modwsgi,A_browse,7,01_apache_modwsgi__A_browse__rep07
LOG,logs\01_apache_modwsgi__A_browse__rep08.log,01_apache_modwsgi__A_browse__rep08.log,.log,9542,2026-05-17T02:42:15.722035,True,98a1ade10f1f29e6da90e1d322774004c8eb3a6cc209326184da6b8fd9e724de,,01_apache_modwsgi,A_browse,8,01_apache_modwsgi__A_browse__rep08
LOG,logs\01_apache_modwsgi__A_browse__rep09.log,01_apache_modwsgi__A_browse__rep09.log,.log,9964,2026-05-17T03:15:09.822257,True,b481769a27f41892c3398cfefffa0d1ff0336e0017bb5597b9243e49b1716df5,,01_apache_modwsgi,A_browse,9,01_apache_modwsgi__A_browse__rep09
LOG,logs\01_apache_modwsgi__A_browse__rep10.log,01_apache_modwsgi__A_browse__rep10.log,.log,12321,2026-05-17T03:48:05.815293,True,07f0d089877d788c0496d64397fe3ed96be03e869bc71156746c88eca6fb93c6,,01_apache_modwsgi,A_browse,10,01_apache_modwsgi__A_browse__rep10
LOG,logs\01_apache_modwsgi__B_mixed__rep01.log,01_apache_modwsgi__B_mixed__rep01.log,.log,5006,2026-05-17T04:20:58.863015,True,efc0ef06a009a1fa65da6d555d165a9d5159fd85dd55dea8a1a2c611a101a661,,01_apache_modwsgi,B_mixed,1,01_apache_modwsgi__B_mixed__rep01
LOG,logs\01_apache_modwsgi__B_mixed__rep02.log,01_apache_modwsgi__B_mixed__rep02.log,.log,4794,2026-05-17T04:53:51.858090,True,94137ec48f8346cf644b50c39e9842a7ab0c66d8411be24d11d0b533d35fddc7,,01_apache_modwsgi,B_mixed,2,01_apache_modwsgi__B_mixed__rep02
LOG,logs\01_apache_modwsgi__B_mixed__rep03.log,01_apache_modwsgi__B_mixed__rep03.log,.log,5426,2026-05-17T05:26:43.913251,True,c11c65974a59351f7a2578549c79d8e0e5e49cc6692f00952b0904210c284e29,,01_apache_modwsgi,B_mixed,3,01_apache_modwsgi__B_mixed__rep03
LOG,logs\01_apache_modwsgi__B_mixed__rep04.log,01_apache_modwsgi__B_mixed__rep04.log,.log,5201,2026-05-17T05:59:36.322510,True,587c2006b0d76830447dafe86a3faf4da9f74675dcb516a1c8f4c8b7970e3278,,01_apache_modwsgi,B_mixed,4,01_apache_modwsgi__B_mixed__rep04
LOG,logs\01_apache_modwsgi__B_mixed__rep05.log,01_apache_modwsgi__B_mixed__rep05.log,.log,4901,2026-05-17T06:32:28.966934,True,201d4a1abe54d01ee8536814e7cf3487c61cdf681f3c504ecfd70fc60f86d5f3,,01_apache_modwsgi,B_mixed,5,01_apache_modwsgi__B_mixed__rep05
LOG,logs\01_apache_modwsgi__B_mixed__rep06.log,01_apache_modwsgi__B_mixed__rep06.log,.log,4961,2026-05-17T07:05:21.746254,True,cf6e602504639bb54e7436e3fa8035fe5c641598be777da9c63ede0ea0a8a0d6,,01_apache_modwsgi,B_mixed,6,01_apache_modwsgi__B_mixed__rep06
LOG,logs\01_apache_modwsgi__B_mixed__rep07.log,01_apache_modwsgi__B_mixed__rep07.log,.log,4824,2026-05-17T07:38:14.198138,True,5b0d672c340547226a5c81d50d6d9e45ecaa147c80acf47ad9d43918ef417579,,01_apache_modwsgi,B_mixed,7,01_apache_modwsgi__B_mixed__rep07
LOG,logs\01_apache_modwsgi__B_mixed__rep08.log,01_apache_modwsgi__B_mixed__rep08.log,.log,4886,2026-05-17T08:11:06.631822,True,658d53102cc80bc1d47604e8fee380e6810e995ed4b7a8c789e1321b79dae5bc,,01_apache_modwsgi,B_mixed,8,01_apache_modwsgi__B_mixed__rep08
LOG,logs\01_apache_modwsgi__B_mixed__rep09.log,01_apache_modwsgi__B_mixed__rep09.log,.log,5428,2026-05-17T08:44:00.035096,True,72909028f51bf39f6c733fede482da71d5c22bf0a5079c5b60fafbab8c5c9d9d,,01_apache_modwsgi,B_mixed,9,01_apache_modwsgi__B_mixed__rep09
LOG,logs\01_apache_modwsgi__B_mixed__rep10.log,01_apache_modwsgi__B_mixed__rep10.log,.log,5068,2026-05-17T09:16:52.803767,True,a3f8ed30f8575e44b64f6d6b64f4027ec67092b882223cd636449592bf2682e5,,01_apache_modwsgi,B_mixed,10,01_apache_modwsgi__B_mixed__rep10
LOG,logs\01_apache_modwsgi__C_checkout__rep01.log,01_apache_modwsgi__C_checkout__rep01.log,.log,1892,2026-05-17T09:49:48.883637,True,8678f739b0de0323b17c1d6d91062f5a6b55339583e9a77ab544235eaf876b05,,01_apache_modwsgi,C_checkout,1,01_apache_modwsgi__C_checkout__rep01
LOG,logs\01_apache_modwsgi__C_checkout__rep02.log,01_apache_modwsgi__C_checkout__rep02.log,.log,1794,2026-05-17T10:22:29.601995,True,46226ce4791e2f1c936ab3cc2e0a5c72014aee57cbd3535f5484f3a8cf2f9917,,01_apache_modwsgi,C_checkout,2,01_apache_modwsgi__C_checkout__rep02
LOG,logs\01_apache_modwsgi__C_checkout__rep03.log,01_apache_modwsgi__C_checkout__rep03.log,.log,1794,2026-05-17T10:55:10.396629,True,40176efe21049a253fa6b3be65bee3505313393407988c123af7693e308bdff8,,01_apache_modwsgi,C_checkout,3,01_apache_modwsgi__C_checkout__rep03
LOG,logs\01_apache_modwsgi__C_checkout__rep04.log,01_apache_modwsgi__C_checkout__rep04.log,.log,63313,2026-05-17T11:28:21.337989,True,0f58ead21700fae4dda108603d43a243b6cf3de895d09810af7129995a31a061,,01_apache_modwsgi,C_checkout,4,01_apache_modwsgi__C_checkout__rep04
LOG,logs\01_apache_modwsgi__C_checkout__rep05.log,01_apache_modwsgi__C_checkout__rep05.log,.log,20986,2026-05-17T12:01:35.964051,True,b715a2fd69f28fdbd8318f9ab3b9a814ec2b8d90c93525c1bd01a74e71c05e80,,01_apache_modwsgi,C_checkout,5,01_apache_modwsgi__C_checkout__rep05
LOG,logs\01_apache_modwsgi__C_checkout__rep06.log,01_apache_modwsgi__C_checkout__rep06.log,.log,28321,2026-05-17T12:34:53.631186,True,031fd8da42326b431eaa92789b18d40ff3f5e668b365377ff094ff0879f9b66e,,01_apache_modwsgi,C_checkout,6,01_apache_modwsgi__C_checkout__rep06
LOG,logs\01_apache_modwsgi__C_checkout__rep07.log,01_apache_modwsgi__C_checkout__rep07.log,.log,5395,2026-05-17T13:07:52.843216,True,49d85c06f8d85ca7bedffd64a60833f3d5bb31af53e988895bb12ecb5c5cc591,,01_apache_modwsgi,C_checkout,7,01_apache_modwsgi__C_checkout__rep07
LOG,logs\01_apache_modwsgi__C_checkout__rep08.log,01_apache_modwsgi__C_checkout__rep08.log,.log,23283,2026-05-17T13:41:05.468746,True,ecd9cda7005beeff55738f47b0453c980c49cb73cfae9e09c6350dc5de3bd8ad,,01_apache_modwsgi,C_checkout,8,01_apache_modwsgi__C_checkout__rep08
LOG,logs\01_apache_modwsgi__C_checkout__rep09.log,01_apache_modwsgi__C_checkout__rep09.log,.log,122460,2026-05-17T14:14:18.512497,True,43b06e17e783a327d224dad2f005707d21a1bf67480eed3e7a35a9293dc50111,,01_apache_modwsgi,C_checkout,9,01_apache_modwsgi__C_checkout__rep09
LOG,logs\01_apache_modwsgi__C_checkout__rep10.log,01_apache_modwsgi__C_checkout__rep10.log,.log,13679,2026-05-17T14:47:30.280899,True,0981ff362890be801b26a1111d8165c947f78e0bb371edb7738d83fe9f52fa4c,,01_apache_modwsgi,C_checkout,10,01_apache_modwsgi__C_checkout__rep10
LOG,logs\01_apache_modwsgi__D_burst__rep01.log,01_apache_modwsgi__D_burst__rep01.log,.log,5381,2026-05-17T15:20:22.553857,True,ea202ae268f79d7e5c5a43d0f8c4f06281d34a4a95e549e3492fcd4deaf5b579,,01_apache_modwsgi,D_burst,1,01_apache_modwsgi__D_burst__rep01
LOG,logs\01_apache_modwsgi__D_burst__rep02.log,01_apache_modwsgi__D_burst__rep02.log,.log,5083,2026-05-17T15:53:16.469201,True,111d353d5f58ff2b1265ebcaa489ec624c021951854755ad8345eeced6e24cca,,01_apache_modwsgi,D_burst,2,01_apache_modwsgi__D_burst__rep02
LOG,logs\01_apache_modwsgi__D_burst__rep03.log,01_apache_modwsgi__D_burst__rep03.log,.log,5351,2026-05-17T16:26:09.209274,True,3432aec62ebdc0feb4568c472044885cd82ad5931dd9a1469f229f0e8bb4166f,,01_apache_modwsgi,D_burst,3,01_apache_modwsgi__D_burst__rep03
LOG,logs\01_apache_modwsgi__D_burst__rep04.log,01_apache_modwsgi__D_burst__rep04.log,.log,6557,2026-05-17T16:59:08.500507,True,e34146be93f7f9a82e68857bac574e4a3ef8ba48efbea432c589cdf736031b78,,01_apache_modwsgi,D_burst,4,01_apache_modwsgi__D_burst__rep04
LOG,logs\01_apache_modwsgi__D_burst__rep05.log,01_apache_modwsgi__D_burst__rep05.log,.log,4946,2026-05-17T17:32:05.276253,True,04fcd6eda05fd7579cd2a0ab30a60bdaa914fdfbbebca88bf40fd0f83985d9d2,,01_apache_modwsgi,D_burst,5,01_apache_modwsgi__D_burst__rep05
LOG,logs\01_apache_modwsgi__D_burst__rep06.log,01_apache_modwsgi__D_burst__rep06.log,.log,4976,2026-05-17T18:04:59.477927,True,e12e684c6a9d0b7d41be7dccd3e5b5fa6b2ae2f5245b20dae14e83465ee8afa4,,01_apache_modwsgi,D_burst,6,01_apache_modwsgi__D_burst__rep06
LOG,logs\01_apache_modwsgi__D_burst__rep07.log,01_apache_modwsgi__D_burst__rep07.log,.log,4993,2026-05-17T18:37:50.832767,True,b091f0bcd9863391128cfad679489f6e42118a098447f6ec00a78e7bb1aef9bb,,01_apache_modwsgi,D_burst,7,01_apache_modwsgi__D_burst__rep07
LOG,logs\01_apache_modwsgi__D_burst__rep08.log,01_apache_modwsgi__D_burst__rep08.log,.log,6330,2026-05-17T19:10:47.658461,True,cf6b99217e9c5c45b2eb21be6a051b6f5915ac69b3060ab1af40a24a2cf27527,,01_apache_modwsgi,D_burst,8,01_apache_modwsgi__D_burst__rep08
LOG,logs\01_apache_modwsgi__D_burst__rep09.log,01_apache_modwsgi__D_burst__rep09.log,.log,5083,2026-05-17T19:43:43.250338,True,e52dd0a2487cfa15723cc81686cef3caa2b3696230b83a76e7ebb0f4fb856cf4,,01_apache_modwsgi,D_burst,9,01_apache_modwsgi__D_burst__rep09
LOG,logs\01_apache_modwsgi__D_burst__rep10.log,01_apache_modwsgi__D_burst__rep10.log,.log,5263,2026-05-17T20:16:35.100383,True,6626a9fe49c9961b2dbebf62a52f396e22f4656d020b7dd14046be5da8ffb217,,01_apache_modwsgi,D_burst,10,01_apache_modwsgi__D_burst__rep10
LOG,logs\02_nginx_uwsgi__A_browse__rep01.log,02_nginx_uwsgi__A_browse__rep01.log,.log,1772,2026-05-17T20:49:16.921048,True,3861d2a2202b84f9523f5419c7dda206fa33fc5db8524118bf489d3da8087d0e,,02_nginx_uwsgi,A_browse,1,02_nginx_uwsgi__A_browse__rep01
LOG,logs\02_nginx_uwsgi__A_browse__rep02.log,02_nginx_uwsgi__A_browse__rep02.log,.log,1770,2026-05-17T21:21:56.680561,True,486ec9a0d18453ff07f91f103caba866e4f7008daeb168483acd1eb19481ffb0,,02_nginx_uwsgi,A_browse,2,02_nginx_uwsgi__A_browse__rep02
LOG,logs\02_nginx_uwsgi__A_browse__rep03.log,02_nginx_uwsgi__A_browse__rep03.log,.log,1772,2026-05-17T21:54:42.222668,True,bdc01de7af42dc667830ec174dbd5648b34a6baf1fb0be87682db5252da48f44,,02_nginx_uwsgi,A_browse,3,02_nginx_uwsgi__A_browse__rep03
LOG,logs\02_nginx_uwsgi__A_browse__rep04.log,02_nginx_uwsgi__A_browse__rep04.log,.log,1770,2026-05-17T22:27:26.827851,True,d2d747134174dc95b890e845b913110b184e2e24c170ac9a0799073191d91329,,02_nginx_uwsgi,A_browse,4,02_nginx_uwsgi__A_browse__rep04
LOG,logs\02_nginx_uwsgi__A_browse__rep05.log,02_nginx_uwsgi__A_browse__rep05.log,.log,1810,2026-05-17T23:00:14.058228,True,588ad3d740f832f7cb3907b91136964a1270749fe12f663a8d7a696450251200,,02_nginx_uwsgi,A_browse,5,02_nginx_uwsgi__A_browse__rep05
LOG,logs\02_nginx_uwsgi__A_browse__rep06.log,02_nginx_uwsgi__A_browse__rep06.log,.log,1772,2026-05-17T23:32:57.956543,True,95785e67c10eb402d254d586d551db446b4dba340052b3451344f5d1d14dd04b,,02_nginx_uwsgi,A_browse,6,02_nginx_uwsgi__A_browse__rep06
LOG,logs\02_nginx_uwsgi__A_browse__rep07.log,02_nginx_uwsgi__A_browse__rep07.log,.log,1806,2026-05-18T00:05:44.631767,True,5b339f372f6bb25f39b5c519e178e8131cc2e80ac372d1fbd04f267379c822c3,,02_nginx_uwsgi,A_browse,7,02_nginx_uwsgi__A_browse__rep07
LOG,logs\02_nginx_uwsgi__A_browse__rep08.log,02_nginx_uwsgi__A_browse__rep08.log,.log,1774,2026-05-18T00:38:27.117180,True,aacec428a82ced64fc2464fcbf6d4df8fd57a9d5e86026288ccac70cac97963e,,02_nginx_uwsgi,A_browse,8,02_nginx_uwsgi__A_browse__rep08
LOG,logs\02_nginx_uwsgi__A_browse__rep09.log,02_nginx_uwsgi__A_browse__rep09.log,.log,1774,2026-05-18T01:11:07.252115,True,bfabc88a49e7da64bfb1c4c0a109e00bb9fd5dbf077cff76d0df62c1313cfdd2,,02_nginx_uwsgi,A_browse,9,02_nginx_uwsgi__A_browse__rep09
LOG,logs\02_nginx_uwsgi__A_browse__rep10.log,02_nginx_uwsgi__A_browse__rep10.log,.log,1774,2026-05-18T01:43:47.312877,True,1b17ee76f39a47ceda1f548a34c92ede9c02c2bf0972a8f67b57b38926e35e18,,02_nginx_uwsgi,A_browse,10,02_nginx_uwsgi__A_browse__rep10
LOG,logs\02_nginx_uwsgi__B_mixed__rep01.log,02_nginx_uwsgi__B_mixed__rep01.log,.log,1768,2026-05-18T02:16:25.343161,True,356e9e4defe8cb58fd4542044a1924f5abf046344152974b96b942aa64717211,,02_nginx_uwsgi,B_mixed,1,02_nginx_uwsgi__B_mixed__rep01
LOG,logs\02_nginx_uwsgi__B_mixed__rep02.log,02_nginx_uwsgi__B_mixed__rep02.log,.log,1770,2026-05-18T02:49:03.258735,True,fbfeadb4916404247cd2fc84ad4c8dc3b101d84faa97e577a54f70cc4c619771,,02_nginx_uwsgi,B_mixed,2,02_nginx_uwsgi__B_mixed__rep02
LOG,logs\02_nginx_uwsgi__B_mixed__rep03.log,02_nginx_uwsgi__B_mixed__rep03.log,.log,1764,2026-05-18T03:21:41.519494,True,c31d258acccabd6b1808926458ae066af18e6d383365f991b674fe30d7eeb4b3,,02_nginx_uwsgi,B_mixed,3,02_nginx_uwsgi__B_mixed__rep03
LOG,logs\02_nginx_uwsgi__B_mixed__rep04.log,02_nginx_uwsgi__B_mixed__rep04.log,.log,1766,2026-05-18T03:54:19.622053,True,1871b9d6172ad7456ae796062571bdbd769d8a5fbe9c6b6f598b5c7cb2157cba,,02_nginx_uwsgi,B_mixed,4,02_nginx_uwsgi__B_mixed__rep04
LOG,logs\02_nginx_uwsgi__B_mixed__rep05.log,02_nginx_uwsgi__B_mixed__rep05.log,.log,1768,2026-05-18T04:26:57.789867,True,88c166d36ee50d853792c0c12d98cfa567287b69050a132dd2ea5a2a1688969c,,02_nginx_uwsgi,B_mixed,5,02_nginx_uwsgi__B_mixed__rep05
LOG,logs\02_nginx_uwsgi__B_mixed__rep06.log,02_nginx_uwsgi__B_mixed__rep06.log,.log,1768,2026-05-18T04:59:35.934731,True,0fc152687b90d54e404a63f2efd8ff3878545d15d7b0434c4553a67a1f6ca53b,,02_nginx_uwsgi,B_mixed,6,02_nginx_uwsgi__B_mixed__rep06
LOG,logs\02_nginx_uwsgi__B_mixed__rep07.log,02_nginx_uwsgi__B_mixed__rep07.log,.log,1770,2026-05-18T05:32:13.905916,True,f2a17cd597d4b63b16c1df13278ab8d7a667e3502250f2868ae98c4d02f809f2,,02_nginx_uwsgi,B_mixed,7,02_nginx_uwsgi__B_mixed__rep07
LOG,logs\02_nginx_uwsgi__B_mixed__rep08.log,02_nginx_uwsgi__B_mixed__rep08.log,.log,1770,2026-05-18T06:04:52.539577,True,49b04e2bbe0e7542f26dc58f79d73271371025103c3a25a0322e401c2fe3d258,,02_nginx_uwsgi,B_mixed,8,02_nginx_uwsgi__B_mixed__rep08
LOG,logs\02_nginx_uwsgi__B_mixed__rep09.log,02_nginx_uwsgi__B_mixed__rep09.log,.log,1770,2026-05-18T06:37:31.175344,True,031de0b1c0edb688a3e9ec85a6bb5440d306289bfeaf289b40de1737e40bda6b,,02_nginx_uwsgi,B_mixed,9,02_nginx_uwsgi__B_mixed__rep09
LOG,logs\02_nginx_uwsgi__B_mixed__rep10.log,02_nginx_uwsgi__B_mixed__rep10.log,.log,1770,2026-05-18T07:10:09.492254,True,1153ed36c90c6d0641e115d0ae28e257018ff5729c10fb0d1f5460d636a785ed,,02_nginx_uwsgi,B_mixed,10,02_nginx_uwsgi__B_mixed__rep10
LOG,logs\02_nginx_uwsgi__C_checkout__rep01.log,02_nginx_uwsgi__C_checkout__rep01.log,.log,1780,2026-05-18T07:42:49.594941,True,e1d99c829380d0c91306ff2f4eb6f10900ff9e790e03aaacccd7753300a71147,,02_nginx_uwsgi,C_checkout,1,02_nginx_uwsgi__C_checkout__rep01
LOG,logs\02_nginx_uwsgi__C_checkout__rep02.log,02_nginx_uwsgi__C_checkout__rep02.log,.log,1780,2026-05-18T08:15:31.175704,True,cc973a45ea32637849bd6069d6c79808bc9fca969900363f90546125fe3768ee,,02_nginx_uwsgi,C_checkout,2,02_nginx_uwsgi__C_checkout__rep02
LOG,logs\02_nginx_uwsgi__C_checkout__rep03.log,02_nginx_uwsgi__C_checkout__rep03.log,.log,1780,2026-05-18T08:48:11.562824,True,984d1359239b66a099b07fbac374ca5576f4a58700151cb21e266fb6a2de088f,,02_nginx_uwsgi,C_checkout,3,02_nginx_uwsgi__C_checkout__rep03
LOG,logs\02_nginx_uwsgi__C_checkout__rep04.log,02_nginx_uwsgi__C_checkout__rep04.log,.log,1799,2026-05-18T09:20:51.958586,True,9e86847efb8214b0ec948fb5e3d7a5a3a907acf7ed3b0d860bcbb52b647dd0e1,,02_nginx_uwsgi,C_checkout,4,02_nginx_uwsgi__C_checkout__rep04
LOG,logs\02_nginx_uwsgi__C_checkout__rep05.log,02_nginx_uwsgi__C_checkout__rep05.log,.log,1780,2026-05-18T09:53:32.229276,True,abfa752438102e47ad6ea5c8a0dcfdfa63336c7c316264a267e5039ce58bb00d,,02_nginx_uwsgi,C_checkout,5,02_nginx_uwsgi__C_checkout__rep05
LOG,logs\02_nginx_uwsgi__C_checkout__rep06.log,02_nginx_uwsgi__C_checkout__rep06.log,.log,1780,2026-05-18T10:26:12.983204,True,974a616daa4fc1b14684dd4c531e7d205fceb24461fbec7fd3d9f5366feedfa5,,02_nginx_uwsgi,C_checkout,6,02_nginx_uwsgi__C_checkout__rep06
LOG,logs\02_nginx_uwsgi__C_checkout__rep07.log,02_nginx_uwsgi__C_checkout__rep07.log,.log,1782,2026-05-18T10:58:53.786531,True,113d03bd537256bd15d377fcb111637f1da4f91597eba788f365d45851f2a3e4,,02_nginx_uwsgi,C_checkout,7,02_nginx_uwsgi__C_checkout__rep07
LOG,logs\02_nginx_uwsgi__C_checkout__rep08.log,02_nginx_uwsgi__C_checkout__rep08.log,.log,1782,2026-05-18T11:31:34.597767,True,d100a5e2318805c019ffba5cee561f2f2106f59daaf8f6d5c85bb35255513a8a,,02_nginx_uwsgi,C_checkout,8,02_nginx_uwsgi__C_checkout__rep08
LOG,logs\02_nginx_uwsgi__C_checkout__rep09.log,02_nginx_uwsgi__C_checkout__rep09.log,.log,1782,2026-05-18T12:04:19.184627,True,29ef6cf27f9a171c90d507f3ccac8c0f5cc1a22fe63461034e3d175978beac3e,,02_nginx_uwsgi,C_checkout,9,02_nginx_uwsgi__C_checkout__rep09
LOG,logs\02_nginx_uwsgi__C_checkout__rep10.log,02_nginx_uwsgi__C_checkout__rep10.log,.log,1803,2026-05-18T12:37:04.883888,True,cff7c57521c272a5017e1ba596f74879b67dd31105e3d6afd5ed911f705e6d8b,,02_nginx_uwsgi,C_checkout,10,02_nginx_uwsgi__C_checkout__rep10
LOG,logs\02_nginx_uwsgi__D_burst__rep01.log,02_nginx_uwsgi__D_burst__rep01.log,.log,2259,2026-05-18T13:09:44.862115,True,8cd17f81609ee3d76a41a38f44d0fb76fd46901ecc12e9a48b4f19fa74d00258,,02_nginx_uwsgi,D_burst,1,02_nginx_uwsgi__D_burst__rep01
LOG,logs\02_nginx_uwsgi__D_burst__rep02.log,02_nginx_uwsgi__D_burst__rep02.log,.log,1768,2026-05-18T13:42:23.907029,True,afafda4ea1b34f7a94823297a3d952f06f5245aa05644054da907506074010f0,,02_nginx_uwsgi,D_burst,2,02_nginx_uwsgi__D_burst__rep02
LOG,logs\02_nginx_uwsgi__D_burst__rep03.log,02_nginx_uwsgi__D_burst__rep03.log,.log,1770,2026-05-18T14:15:03.154356,True,023d463f26ad68fcf0c5f6f62519af9dfa33edb2c846b9faf5c03626de584279,,02_nginx_uwsgi,D_burst,3,02_nginx_uwsgi__D_burst__rep03
LOG,logs\02_nginx_uwsgi__D_burst__rep04.log,02_nginx_uwsgi__D_burst__rep04.log,.log,1834,2026-05-18T14:47:44.843161,True,8a66b65a6c524ffeee55ec614d859173cd1d296e1ea8009a0aadcceb8fcbd586,,02_nginx_uwsgi,D_burst,4,02_nginx_uwsgi__D_burst__rep04
LOG,logs\02_nginx_uwsgi__D_burst__rep05.log,02_nginx_uwsgi__D_burst__rep05.log,.log,1770,2026-05-18T15:20:27.579231,True,3baa304b7f24b1b834226557bb3fede7bc25b23b750a4d37ace8e4bacac20362,,02_nginx_uwsgi,D_burst,5,02_nginx_uwsgi__D_burst__rep05
LOG,logs\02_nginx_uwsgi__D_burst__rep06.log,02_nginx_uwsgi__D_burst__rep06.log,.log,1766,2026-05-18T15:53:09.924150,True,24cc14a77169fce97747b5798ade7bfaf6eec0d6dde47f96cf4e7a5a68dde152,,02_nginx_uwsgi,D_burst,6,02_nginx_uwsgi__D_burst__rep06
LOG,logs\02_nginx_uwsgi__D_burst__rep07.log,02_nginx_uwsgi__D_burst__rep07.log,.log,1766,2026-05-18T16:25:49.542573,True,bc3b329998d612d741ed4d2f0cd62426569b9cc558db9149bcacd9eda03b7ccf,,02_nginx_uwsgi,D_burst,7,02_nginx_uwsgi__D_burst__rep07
LOG,logs\02_nginx_uwsgi__D_burst__rep08.log,02_nginx_uwsgi__D_burst__rep08.log,.log,1768,2026-05-18T16:58:28.170286,True,40767d8057564b219e48e45477b11f232a71b0ac71c64ed631f5004889cc2709,,02_nginx_uwsgi,D_burst,8,02_nginx_uwsgi__D_burst__rep08
LOG,logs\02_nginx_uwsgi__D_burst__rep09.log,02_nginx_uwsgi__D_burst__rep09.log,.log,1768,2026-05-18T17:31:08.226113,True,5f10c7cd345b4bf9e23b6214a9b62e44509ad095fef7ab7aaeaa98cc6139ea04,,02_nginx_uwsgi,D_burst,9,02_nginx_uwsgi__D_burst__rep09
LOG,logs\02_nginx_uwsgi__D_burst__rep10.log,02_nginx_uwsgi__D_burst__rep10.log,.log,1770,2026-05-18T18:03:47.384086,True,e72a4114b675d0d6a0aab2e03a37f12f9dbf18be5c48a0dc400cc8b53a443890,,02_nginx_uwsgi,D_burst,10,02_nginx_uwsgi__D_burst__rep10
LOG,logs\03_django_gunicorn__A_browse__rep01.log,03_django_gunicorn__A_browse__rep01.log,.log,1786,2026-05-18T18:36:27.319474,True,07195304393d871480abc1bbb16d13f848198567adafb6a9b9b6facf46f8a079,,03_django_gunicorn,A_browse,1,03_django_gunicorn__A_browse__rep01
LOG,logs\03_django_gunicorn__A_browse__rep02.log,03_django_gunicorn__A_browse__rep02.log,.log,1788,2026-05-18T19:09:07.105043,True,37ee3687987335a23cb79d266f23496ee7d31dc24377b1454f8afb06f8f733e2,,03_django_gunicorn,A_browse,2,03_django_gunicorn__A_browse__rep02
LOG,logs\03_django_gunicorn__A_browse__rep03.log,03_django_gunicorn__A_browse__rep03.log,.log,1790,2026-05-18T19:41:46.933268,True,433dacd359b9d7b65d870d47cacb955714b31737a3e29ee5f99a591857bd6246,,03_django_gunicorn,A_browse,3,03_django_gunicorn__A_browse__rep03
LOG,logs\03_django_gunicorn__A_browse__rep04.log,03_django_gunicorn__A_browse__rep04.log,.log,1790,2026-05-18T20:14:28.627858,True,41e666c8e048a9d3048c5ce204c9a96a2411b66de29779084600f4e7e82791bd,,03_django_gunicorn,A_browse,4,03_django_gunicorn__A_browse__rep04
LOG,logs\03_django_gunicorn__A_browse__rep05.log,03_django_gunicorn__A_browse__rep05.log,.log,1790,2026-05-18T20:47:43.301644,True,c068df7a6eed7bd2b12705a5b384e1376af605c03e486ff5a2eb79d69798171f,,03_django_gunicorn,A_browse,5,03_django_gunicorn__A_browse__rep05
LOG,logs\03_django_gunicorn__A_browse__rep06.log,03_django_gunicorn__A_browse__rep06.log,.log,2727,2026-05-18T21:20:25.871821,True,fae1869bb44b860474e21ec01a2e8c1759165414812583cc8e928ad120f75120,,03_django_gunicorn,A_browse,6,03_django_gunicorn__A_browse__rep06
LOG,logs\03_django_gunicorn__A_browse__rep07.log,03_django_gunicorn__A_browse__rep07.log,.log,1824,2026-05-18T21:53:10.683935,True,858ad681f135adc54c3bfb3dd88a9d08618bb58a274801a652081b971012cbec,,03_django_gunicorn,A_browse,7,03_django_gunicorn__A_browse__rep07
LOG,logs\03_django_gunicorn__A_browse__rep08.log,03_django_gunicorn__A_browse__rep08.log,.log,1824,2026-05-18T22:25:52.043339,True,f9eb4f8db255678e1dce09b4b495fc0d98be3112f9d1985305c47acbbfb91041,,03_django_gunicorn,A_browse,8,03_django_gunicorn__A_browse__rep08
LOG,logs\03_django_gunicorn__A_browse__rep09.log,03_django_gunicorn__A_browse__rep09.log,.log,1811,2026-05-18T22:58:34.204600,True,777689b8cf7b2ef5ba32ca11bd6e4a9f5b24046e216debc81b9818069ec74178,,03_django_gunicorn,A_browse,9,03_django_gunicorn__A_browse__rep09
LOG,logs\03_django_gunicorn__A_browse__rep10.log,03_django_gunicorn__A_browse__rep10.log,.log,1824,2026-05-18T23:31:20.471389,True,a2e5ec118fdaab1f5b4fa0303240ffde17af938badc6a8ed4fbf8a386be09f55,,03_django_gunicorn,A_browse,10,03_django_gunicorn__A_browse__rep10
LOG,logs\03_django_gunicorn__B_mixed__rep01.log,03_django_gunicorn__B_mixed__rep01.log,.log,1822,2026-05-19T00:04:05.068789,True,ed34699c79033785a88e304423f68a3488aeb3e5240cb60241d4d7f72494f974,,03_django_gunicorn,B_mixed,1,03_django_gunicorn__B_mixed__rep01
LOG,logs\03_django_gunicorn__B_mixed__rep02.log,03_django_gunicorn__B_mixed__rep02.log,.log,1805,2026-05-19T00:36:47.951959,True,659d0380cc9a8e7dbfc7e4f53e032c7ee9f9c37de0cc0c44b9cbc3edd82bc3bc,,03_django_gunicorn,B_mixed,2,03_django_gunicorn__B_mixed__rep02
LOG,logs\03_django_gunicorn__B_mixed__rep03.log,03_django_gunicorn__B_mixed__rep03.log,.log,1822,2026-05-19T01:09:27.631757,True,750069779a2ec5bd72d885d13c98411456a5fd5ab69212a9217567ac52e9fdf6,,03_django_gunicorn,B_mixed,3,03_django_gunicorn__B_mixed__rep03
LOG,logs\03_django_gunicorn__B_mixed__rep04.log,03_django_gunicorn__B_mixed__rep04.log,.log,1786,2026-05-19T01:42:07.173646,True,c65cd1bd0cf75c9a62a8743565153cf46966044fedea485ac87bb97b85e081b5,,03_django_gunicorn,B_mixed,4,03_django_gunicorn__B_mixed__rep04
LOG,logs\03_django_gunicorn__B_mixed__rep05.log,03_django_gunicorn__B_mixed__rep05.log,.log,1786,2026-05-19T02:14:46.076710,True,6a5a8645c7917eab242c0e56602cd65aa532de286776209077bc2f4faace2156,,03_django_gunicorn,B_mixed,5,03_django_gunicorn__B_mixed__rep05
LOG,logs\03_django_gunicorn__B_mixed__rep06.log,03_django_gunicorn__B_mixed__rep06.log,.log,1782,2026-05-19T02:47:26.000152,True,fb35359287a1cebc2a9bc5b30146007666a51e1e8900d5665aa36d696c058259,,03_django_gunicorn,B_mixed,6,03_django_gunicorn__B_mixed__rep06
LOG,logs\03_django_gunicorn__B_mixed__rep07.log,03_django_gunicorn__B_mixed__rep07.log,.log,1786,2026-05-19T03:20:04.634140,True,7b01239bc26beb11f4b69a6b0b0332f0a0fd339e5541fd96639fc67242a73473,,03_django_gunicorn,B_mixed,7,03_django_gunicorn__B_mixed__rep07
LOG,logs\03_django_gunicorn__B_mixed__rep08.log,03_django_gunicorn__B_mixed__rep08.log,.log,1786,2026-05-19T03:52:43.514132,True,8ab9efd9a801827573ba818c6c9df5ee13022031795e5b876a62fa7d3c099138,,03_django_gunicorn,B_mixed,8,03_django_gunicorn__B_mixed__rep08
LOG,logs\03_django_gunicorn__B_mixed__rep09.log,03_django_gunicorn__B_mixed__rep09.log,.log,1786,2026-05-19T04:25:21.876408,True,5beb799f5b802556215b108cf55bcd8e27efeb351ffe4492d5d375e36746ea4a,,03_django_gunicorn,B_mixed,9,03_django_gunicorn__B_mixed__rep09
LOG,logs\03_django_gunicorn__B_mixed__rep10.log,03_django_gunicorn__B_mixed__rep10.log,.log,1784,2026-05-19T04:58:00.257318,True,7bbb5f6eb0efa28fa3eea398bcccb8263e24fd58d02cf25c251eee53f6df9110,,03_django_gunicorn,B_mixed,10,03_django_gunicorn__B_mixed__rep10
LOG,logs\03_django_gunicorn__C_checkout__rep01.log,03_django_gunicorn__C_checkout__rep01.log,.log,1798,2026-05-19T05:30:41.503152,True,070fadac412aa71d081fe1f98b347e30c31ae705ab059105f7847bddba8c4457,,03_django_gunicorn,C_checkout,1,03_django_gunicorn__C_checkout__rep01
LOG,logs\03_django_gunicorn__C_checkout__rep02.log,03_django_gunicorn__C_checkout__rep02.log,.log,1798,2026-05-19T06:03:22.370020,True,fd43213f1c090df5af3ce04f5db24e698ff677e5654483716942ac45c7fb24e4,,03_django_gunicorn,C_checkout,2,03_django_gunicorn__C_checkout__rep02
LOG,logs\03_django_gunicorn__C_checkout__rep03.log,03_django_gunicorn__C_checkout__rep03.log,.log,1798,2026-05-19T06:36:03.403322,True,3bac1df9df06f5087592fa95ef7dd51257091cc4d91bc6f37dfd2a930e9b5a3a,,03_django_gunicorn,C_checkout,3,03_django_gunicorn__C_checkout__rep03
LOG,logs\03_django_gunicorn__C_checkout__rep04.log,03_django_gunicorn__C_checkout__rep04.log,.log,1798,2026-05-19T07:08:44.400507,True,5131d569e84a2ab6e301c034b6f2b6bfb7350afe664c6d1619ea81ec74a21cb8,,03_django_gunicorn,C_checkout,4,03_django_gunicorn__C_checkout__rep04
LOG,logs\03_django_gunicorn__C_checkout__rep05.log,03_django_gunicorn__C_checkout__rep05.log,.log,1798,2026-05-19T07:41:25.094969,True,ca89d390d64be62e6d937036b3788e24b5e9a3bec046be23867b80d1af8be70d,,03_django_gunicorn,C_checkout,5,03_django_gunicorn__C_checkout__rep05
LOG,logs\03_django_gunicorn__C_checkout__rep06.log,03_django_gunicorn__C_checkout__rep06.log,.log,1794,2026-05-19T08:14:05.960051,True,1d353468f85aabaf9f2b3ef86734efd4b07fbe5a2a70c92c3afd1ff72897e02c,,03_django_gunicorn,C_checkout,6,03_django_gunicorn__C_checkout__rep06
LOG,logs\03_django_gunicorn__C_checkout__rep07.log,03_django_gunicorn__C_checkout__rep07.log,.log,1798,2026-05-19T08:46:47.532523,True,2f5d3e735f817dcf8a416d13374f9251c8c63936766e724964aab23d3c82a049,,03_django_gunicorn,C_checkout,7,03_django_gunicorn__C_checkout__rep07
LOG,logs\03_django_gunicorn__C_checkout__rep08.log,03_django_gunicorn__C_checkout__rep08.log,.log,1796,2026-05-19T09:19:29.144660,True,77d591a856ec4ffcd42ce01be06933544dc6c5d329279758ef64e37e1c8aba45,,03_django_gunicorn,C_checkout,8,03_django_gunicorn__C_checkout__rep08
LOG,logs\03_django_gunicorn__C_checkout__rep09.log,03_django_gunicorn__C_checkout__rep09.log,.log,1798,2026-05-19T09:52:10.441777,True,d3e63f91562eb315b9380bada9d86cdf082ab67908d61d7fc79b9b70d5919420,,03_django_gunicorn,C_checkout,9,03_django_gunicorn__C_checkout__rep09
LOG,logs\03_django_gunicorn__C_checkout__rep10.log,03_django_gunicorn__C_checkout__rep10.log,.log,1819,2026-05-19T10:24:52.053261,True,2526a4bca636f9ecebb0904f338fce156a4a53a9608e8dcf903df73390f5d6ff,,03_django_gunicorn,C_checkout,10,03_django_gunicorn__C_checkout__rep10
LOG,logs\03_django_gunicorn__D_burst__rep01.log,03_django_gunicorn__D_burst__rep01.log,.log,6376,2026-05-19T10:57:34.363605,True,92635367d30aca8c1de7ce52a963cb29602a8a4560e73a6aebd4c5caadb28a8b,,03_django_gunicorn,D_burst,1,03_django_gunicorn__D_burst__rep01
LOG,logs\03_django_gunicorn__D_burst__rep02.log,03_django_gunicorn__D_burst__rep02.log,.log,4021,2026-05-19T11:30:17.391783,True,5783b89dda74f505e0ea60b0120ac49cab58bf232c114af900ccf6883f967f5d,,03_django_gunicorn,D_burst,2,03_django_gunicorn__D_burst__rep02
LOG,logs\03_django_gunicorn__D_burst__rep03.log,03_django_gunicorn__D_burst__rep03.log,.log,1807,2026-05-19T12:02:57.964210,True,b1b3a8868b0555edf9fe1713aeb5d50a3803c949325e7cb0f6d079578affed55,,03_django_gunicorn,D_burst,3,03_django_gunicorn__D_burst__rep03
LOG,logs\03_django_gunicorn__D_burst__rep04.log,03_django_gunicorn__D_burst__rep04.log,.log,5956,2026-05-19T12:35:36.972097,True,47c52dbfb968e6a2b86a1f3c1bf336e36e199c2414ce24dbe277c1e1d26b20e9,,03_django_gunicorn,D_burst,4,03_django_gunicorn__D_burst__rep04
LOG,logs\03_django_gunicorn__D_burst__rep05.log,03_django_gunicorn__D_burst__rep05.log,.log,1786,2026-05-19T13:08:19.157549,True,49817bf2fff6dd22615a81ddd7d39be1f317038bacb8994e318e7e59ebed1314,,03_django_gunicorn,D_burst,5,03_django_gunicorn__D_burst__rep05
LOG,logs\03_django_gunicorn__D_burst__rep06.log,03_django_gunicorn__D_burst__rep06.log,.log,3117,2026-05-19T13:41:01.816744,True,b01cdd0f83eab8e66b82551dbd94794baf5de756948aa305fec95eb8afd214c9,,03_django_gunicorn,D_burst,6,03_django_gunicorn__D_burst__rep06
LOG,logs\03_django_gunicorn__D_burst__rep07.log,03_django_gunicorn__D_burst__rep07.log,.log,10953,2026-05-19T14:13:44.830204,True,257cea145ced39b858cff94443c621a75fa1c7308aa66740aed60b7b7c6df58e,,03_django_gunicorn,D_burst,7,03_django_gunicorn__D_burst__rep07
LOG,logs\03_django_gunicorn__D_burst__rep08.log,03_django_gunicorn__D_burst__rep08.log,.log,1786,2026-05-19T14:46:26.959373,True,acd6362329c37c196d006d6fcd2566d3f928c9af94f0f307ac26763486eda6d6,,03_django_gunicorn,D_burst,8,03_django_gunicorn__D_burst__rep08
LOG,logs\03_django_gunicorn__D_burst__rep09.log,03_django_gunicorn__D_burst__rep09.log,.log,12751,2026-05-19T15:19:12.238113,True,5c2bfdd792e4c9abb1b6dff2b056241bfe69c41748dbac8bc0c2afbe096e8d07,,03_django_gunicorn,D_burst,9,03_django_gunicorn__D_burst__rep09
LOG,logs\03_django_gunicorn__D_burst__rep10.log,03_django_gunicorn__D_burst__rep10.log,.log,1920,2026-05-19T15:51:54.269774,True,7c7b6a53109971afe6286ced0704975bc1d6d6e1a370ed24e859cbb88aafc743,,03_django_gunicorn,D_burst,10,03_django_gunicorn__D_burst__rep10
LOG,logs\04_aca__A_browse__rep01.log,04_aca__A_browse__rep01.log,.log,1968,2026-05-19T16:24:47.255143,True,f31f652232f7c6c5c2b5ad22981ebc497723eca81360c78e9acaef9994e37dfc,,04_aca,A_browse,1,04_aca__A_browse__rep01
LOG,logs\04_aca__A_browse__rep02.log,04_aca__A_browse__rep02.log,.log,1808,2026-05-19T16:57:18.674349,True,9f8e759b7eb137054a2cd503665546a78f906d26b3ab1d283a89c547914ba9d5,,04_aca,A_browse,2,04_aca__A_browse__rep02
LOG,logs\04_aca__A_browse__rep03.log,04_aca__A_browse__rep03.log,.log,1853,2026-05-19T17:29:54.041550,True,fddd609ebeb00cd326333eed1a46e03d85d2bc62ccd37d09d526245b47242e1c,,04_aca,A_browse,3,04_aca__A_browse__rep03
LOG,logs\04_aca__A_browse__rep04.log,04_aca__A_browse__rep04.log,.log,1849,2026-05-19T18:02:30.773619,True,1f7745723f60b7dd206473bec15766ae3365406554559fdb49c3190232ee7d7c,,04_aca,A_browse,4,04_aca__A_browse__rep04
LOG,logs\04_aca__A_browse__rep05.log,04_aca__A_browse__rep05.log,.log,1823,2026-05-19T18:35:01.879007,True,d22e0c7e366bafed311e797d2d637e0530d8ab2093f3163ae21637f7214ca59b,,04_aca,A_browse,5,04_aca__A_browse__rep05
LOG,logs\04_aca__A_browse__rep06.log,04_aca__A_browse__rep06.log,.log,1774,2026-05-19T19:07:33.724027,True,b20c8e3dd8dd383854de780f88fd28ffffb22b6c57e71b86ebc6c60a01f9c8b6,,04_aca,A_browse,6,04_aca__A_browse__rep06
LOG,logs\04_aca__A_browse__rep07.log,04_aca__A_browse__rep07.log,.log,1904,2026-05-19T19:40:04.932999,True,0fa8d74bac6e4bac0b362a121d4f6b0465b72b51a32aad3981bb0477120a644e,,04_aca,A_browse,7,04_aca__A_browse__rep07
LOG,logs\04_aca__A_browse__rep08.log,04_aca__A_browse__rep08.log,.log,1881,2026-05-19T20:12:35.533039,True,76f86178ed3d334b3441562322b95703b938f0d7620ff055d17592a774d10627,,04_aca,A_browse,8,04_aca__A_browse__rep08
LOG,logs\04_aca__A_browse__rep09.log,04_aca__A_browse__rep09.log,.log,1964,2026-05-19T20:45:06.599999,True,ef5a440101bc9d5fd26be944d4d77cc6b74d8551d44960b77e2ab7ad80c62f75,,04_aca,A_browse,9,04_aca__A_browse__rep09
LOG,logs\04_aca__A_browse__rep10.log,04_aca__A_browse__rep10.log,.log,1840,2026-05-19T21:17:43.886242,True,0ee3f05c5bb8db0a682a59fdee1bcc54d5e544a3ed2091228e689bd90351cfb9,,04_aca,A_browse,10,04_aca__A_browse__rep10
LOG,logs\04_aca__B_mixed__rep01.log,04_aca__B_mixed__rep01.log,.log,1851,2026-05-19T21:50:17.129772,True,77edee511992ea12732e85cc320012c8546cfd76309bf14eebbfa5784413d3de,,04_aca,B_mixed,1,04_aca__B_mixed__rep01
LOG,logs\04_aca__B_mixed__rep02.log,04_aca__B_mixed__rep02.log,.log,1834,2026-05-19T22:22:50.533052,True,e61e2c41b1312c3224dbde8911928ef6ce0a4c5ac7c5dc9fdb46f34fe3e00a25,,04_aca,B_mixed,2,04_aca__B_mixed__rep02
LOG,logs\04_aca__B_mixed__rep03.log,04_aca__B_mixed__rep03.log,.log,1836,2026-05-19T22:55:21.733428,True,3ee16eb36ec0f2bf82058005de06a530db0ae9da2de8630860aa7b56cc20d917,,04_aca,B_mixed,3,04_aca__B_mixed__rep03
LOG,logs\04_aca__B_mixed__rep04.log,04_aca__B_mixed__rep04.log,.log,1806,2026-05-19T23:27:54.044379,True,521db2a606fdb12013fe57894c10841d760acb31d052ff1095bd08d6c676f630,,04_aca,B_mixed,4,04_aca__B_mixed__rep04
LOG,logs\04_aca__B_mixed__rep05.log,04_aca__B_mixed__rep05.log,.log,1821,2026-05-20T00:00:24.179355,True,bb0a31ad92f14fdeaf66df27be258c9cdf7e240240c29f81d4c6d2fbd2b6608c,,04_aca,B_mixed,5,04_aca__B_mixed__rep05
LOG,logs\04_aca__B_mixed__rep06.log,04_aca__B_mixed__rep06.log,.log,1789,2026-05-20T00:33:00.003337,True,3240942d5101e698fb79ad0e0ff1db3a050455870f88a5294691ce66daf550bf,,04_aca,B_mixed,6,04_aca__B_mixed__rep06
LOG,logs\04_aca__B_mixed__rep07.log,04_aca__B_mixed__rep07.log,.log,1832,2026-05-20T01:05:29.070474,True,39754b84269d9c52c5e4a9d13a791ab532afd669d6398dc0da5e3f5d7bce6ac1,,04_aca,B_mixed,7,04_aca__B_mixed__rep07
LOG,logs\04_aca__B_mixed__rep08.log,04_aca__B_mixed__rep08.log,.log,1834,2026-05-20T01:37:58.095185,True,5911892e8881bc99e37a000c07f760bdcf1f8f4d30f6e7986994ad30f6c93c66,,04_aca,B_mixed,8,04_aca__B_mixed__rep08
LOG,logs\04_aca__B_mixed__rep09.log,04_aca__B_mixed__rep09.log,.log,1821,2026-05-20T02:10:26.360542,True,83f883028e5b2b5a8d09dfa5e7aab5536eba4e8565e3f57d2cc750bb9ba8ace5,,04_aca,B_mixed,9,04_aca__B_mixed__rep09
LOG,logs\04_aca__B_mixed__rep10.log,04_aca__B_mixed__rep10.log,.log,1821,2026-05-20T02:42:54.665314,True,30298a844f2fcdf4e7a8c429d5fd4f50cca9c3897ae93033d2ad24d2502910c7,,04_aca,B_mixed,10,04_aca__B_mixed__rep10
LOG,logs\04_aca__C_checkout__rep01.log,04_aca__C_checkout__rep01.log,.log,1876,2026-05-20T03:15:25.851482,True,e285ade4c51e27ac1b64d8ed05ba0cbfe03da1f25525dddcefc0e61fac4229bf,,04_aca,C_checkout,1,04_aca__C_checkout__rep01
LOG,logs\04_aca__C_checkout__rep02.log,04_aca__C_checkout__rep02.log,.log,1919,2026-05-20T03:47:56.836007,True,44d0d8dd3c2c5f5a433fc56fedc72da8e01799c5b65367f56dfd8dc0111dfaca,,04_aca,C_checkout,2,04_aca__C_checkout__rep02
LOG,logs\04_aca__C_checkout__rep03.log,04_aca__C_checkout__rep03.log,.log,1793,2026-05-20T04:20:28.328008,True,b6801271d66117a0692d931d957bb57e934689c939e195cc89233691721d54fc,,04_aca,C_checkout,3,04_aca__C_checkout__rep03
LOG,logs\04_aca__C_checkout__rep04.log,04_aca__C_checkout__rep04.log,.log,1881,2026-05-20T04:52:59.754743,True,6e9379627a3e2800ea6aeb2df18cbc788fdff3eee76aba8997826ef7178e8849,,04_aca,C_checkout,4,04_aca__C_checkout__rep04
LOG,logs\04_aca__C_checkout__rep05.log,04_aca__C_checkout__rep05.log,.log,1870,2026-05-20T05:25:30.706742,True,071e70759fae2c49439a8e50a068fc603d79245b34ad9c14bdc899fb166502c9,,04_aca,C_checkout,5,04_aca__C_checkout__rep05
LOG,logs\04_aca__C_checkout__rep06.log,04_aca__C_checkout__rep06.log,.log,1904,2026-05-20T05:58:01.847282,True,48945ab009676b05e48b1a02f3911b90fe9b7de4883e0dfef92986766a1d7571,,04_aca,C_checkout,6,04_aca__C_checkout__rep06
LOG,logs\04_aca__C_checkout__rep07.log,04_aca__C_checkout__rep07.log,.log,1840,2026-05-20T06:30:32.710017,True,b2be05b9c6265de8d0fc519f446699bcd2fb40624b6ef914db18e395dc31e83d,,04_aca,C_checkout,7,04_aca__C_checkout__rep07
LOG,logs\04_aca__C_checkout__rep08.log,04_aca__C_checkout__rep08.log,.log,1868,2026-05-20T07:03:03.283504,True,782bb0b92f6411671989db466d28a4d06ec45e76aeddfca6c8033d4f4ff2ae6d,,04_aca,C_checkout,8,04_aca__C_checkout__rep08
LOG,logs\04_aca__C_checkout__rep09.log,04_aca__C_checkout__rep09.log,.log,1934,2026-05-20T07:35:33.961715,True,39c938f39d70bd13bfd843e1b458911176f2a330573489871fb3a9860f1feef4,,04_aca,C_checkout,9,04_aca__C_checkout__rep09
LOG,logs\04_aca__C_checkout__rep10.log,04_aca__C_checkout__rep10.log,.log,1774,2026-05-20T08:08:04.654192,True,e96fa91186cf662b2e647a9eb9e4999c226f4f7cb1a946ee60edb7f7e8c867c1,,04_aca,C_checkout,10,04_aca__C_checkout__rep10
LOG,logs\04_aca__D_burst__rep01.log,04_aca__D_burst__rep01.log,.log,1798,2026-05-20T08:40:33.073809,True,2e2ad7191191b3a4801ce6f6eab671a49f4d3eacea78bfeb79a5f7efabdc8c42,,04_aca,D_burst,1,04_aca__D_burst__rep01
LOG,logs\04_aca__D_burst__rep02.log,04_aca__D_burst__rep02.log,.log,1843,2026-05-20T09:13:01.687617,True,9c8382bcaea727b733469e44f5c98d04b6d7f6449ad9be14b48ba3983a5de405,,04_aca,D_burst,2,04_aca__D_burst__rep02
LOG,logs\04_aca__D_burst__rep03.log,04_aca__D_burst__rep03.log,.log,1798,2026-05-20T09:45:30.100710,True,2e4e2875e7fd62974ff64777a51ea544fac3fb031fcb7d17078a2cf03e76a105,,04_aca,D_burst,3,04_aca__D_burst__rep03
LOG,logs\04_aca__D_burst__rep04.log,04_aca__D_burst__rep04.log,.log,1858,2026-05-20T10:17:59.121533,True,e4a2976a82d0dd2314cabc455ec15ae3be1ecd825c1ad244019f716f372ebb6d,,04_aca,D_burst,4,04_aca__D_burst__rep04
LOG,logs\04_aca__D_burst__rep05.log,04_aca__D_burst__rep05.log,.log,1787,2026-05-20T10:50:27.247080,True,d33f8b43d9e01c052f1143a8cc75c1853a40dfbc99453d0bee7150e3c4bd27cc,,04_aca,D_burst,5,04_aca__D_burst__rep05
LOG,logs\04_aca__D_burst__rep06.log,04_aca__D_burst__rep06.log,.log,1821,2026-05-20T11:22:56.452483,True,376cc5e25972dbf429ad9df1f6697de810370f08dae4dda7e837ae61276dfa3d,,04_aca,D_burst,6,04_aca__D_burst__rep06
LOG,logs\04_aca__D_burst__rep07.log,04_aca__D_burst__rep07.log,.log,1836,2026-05-20T11:55:26.461774,True,49cc46e9207d587b2cfa989cf247ce2e909d1c3cc8d1767825bcd0bef214ca2d,,04_aca,D_burst,7,04_aca__D_burst__rep07
LOG,logs\04_aca__D_burst__rep08.log,04_aca__D_burst__rep08.log,.log,1913,2026-05-20T12:27:55.668237,True,6fc198ea7cc22332c960e0ecbd2d1e943952f4d4e6b5b49aa7ad9ea7c4cd55e0,,04_aca,D_burst,8,04_aca__D_burst__rep08
LOG,logs\04_aca__D_burst__rep09.log,04_aca__D_burst__rep09.log,.log,1915,2026-05-20T13:00:25.995570,True,c5e2b2b10d0a9c5a963739a57d87e4834556685e94c9813c9a66227849ad596d,,04_aca,D_burst,9,04_aca__D_burst__rep09
LOG,logs\04_aca__D_burst__rep10.log,04_aca__D_burst__rep10.log,.log,1892,2026-05-20T13:32:55.361429,True,024993a8c38469eaa88862ee27f26a073565581eaeaf13e85c4b93a13c8a511b,,04_aca,D_burst,10,04_aca__D_burst__rep10
LOG,logs\05_koyeb__A_browse__rep01.log,05_koyeb__A_browse__rep01.log,.log,2147,2026-05-20T14:05:35.824639,True,590247c87ae5bdc476da0aba9b6ae8f11c6f2a2592a9c344e77f72f3751dc5ac,,05_koyeb,A_browse,1,05_koyeb__A_browse__rep01
LOG,logs\05_koyeb__A_browse__rep02.log,05_koyeb__A_browse__rep02.log,.log,3544,2026-05-20T14:38:03.905998,True,94debac20f73ae730006ae10b8d63a4e262e925348ae079a052076fc9daa5ce1,,05_koyeb,A_browse,2,05_koyeb__A_browse__rep02
LOG,logs\05_koyeb__A_browse__rep03.log,05_koyeb__A_browse__rep03.log,.log,3456,2026-05-20T15:10:32.338545,True,b6ccd6eff049f0fa8079998793bc9cdae9afba0955c00743f882707fed3fc1a1,,05_koyeb,A_browse,3,05_koyeb__A_browse__rep03
LOG,logs\05_koyeb__A_browse__rep04.log,05_koyeb__A_browse__rep04.log,.log,2055,2026-05-20T15:43:32.357808,True,0c842ee45d747198f6e8f20cc807d25cef3c43b537c7c5bc7b3536edb610f4b5,,05_koyeb,A_browse,4,05_koyeb__A_browse__rep04
LOG,logs\05_koyeb__A_browse__rep05.log,05_koyeb__A_browse__rep05.log,.log,2077,2026-05-20T16:16:02.543843,True,e9a64c7bb03aca5815cab5628fe0d03a320ebe18f633bc0a589a43c3d117ba39,,05_koyeb,A_browse,5,05_koyeb__A_browse__rep05
LOG,logs\05_koyeb__A_browse__rep06.log,05_koyeb__A_browse__rep06.log,.log,3122,2026-05-20T16:48:52.140121,True,48d30d2828906d3d16f01debac8b64a8516d86a29732097b1fe3926d6bac1559,,05_koyeb,A_browse,6,05_koyeb__A_browse__rep06
LOG,logs\05_koyeb__A_browse__rep07.log,05_koyeb__A_browse__rep07.log,.log,1931,2026-05-20T17:21:22.503570,True,51a7177a874eb8feade7167050dad99000c6b0d851d14cf1f6184bbf9328edde,,05_koyeb,A_browse,7,05_koyeb__A_browse__rep07
LOG,logs\05_koyeb__A_browse__rep08.log,05_koyeb__A_browse__rep08.log,.log,2297,2026-05-20T17:53:58.115962,True,d0c9ef0895b8cd9ea1c86a72f5954263849a3c238a62c27e43f3dc040acc5637,,05_koyeb,A_browse,8,05_koyeb__A_browse__rep08
LOG,logs\05_koyeb__A_browse__rep09.log,05_koyeb__A_browse__rep09.log,.log,2402,2026-05-20T18:26:27.927816,True,058499ea76bd87cad1e40298d4ea52a62f0b7adff7d242fe188aecfab1b24176,,05_koyeb,A_browse,9,05_koyeb__A_browse__rep09
LOG,logs\05_koyeb__A_browse__rep10.log,05_koyeb__A_browse__rep10.log,.log,1946,2026-05-20T18:58:57.764840,True,bc1790539f0bd8d27004d57c0be062ebc1e422e28da5aac6436a2e5e91313cbf,,05_koyeb,A_browse,10,05_koyeb__A_browse__rep10
LOG,logs\05_koyeb__B_mixed__rep01.log,05_koyeb__B_mixed__rep01.log,.log,1904,2026-05-20T19:31:55.527276,True,44f8708be9e7ca738bd55bfee8d963f1d5519e98ab6f0778ab89d11cf0b0d675,,05_koyeb,B_mixed,1,05_koyeb__B_mixed__rep01
LOG,logs\05_koyeb__B_mixed__rep02.log,05_koyeb__B_mixed__rep02.log,.log,1968,2026-05-20T20:04:23.017561,True,c6bdf94a99dd01722686ec73de655ed59ca8e404a0a2b1185d03f5113fda520e,,05_koyeb,B_mixed,2,05_koyeb__B_mixed__rep02
LOG,logs\05_koyeb__B_mixed__rep03.log,05_koyeb__B_mixed__rep03.log,.log,1983,2026-05-20T20:36:50.736532,True,1cf3b093cd3bafb8dd014e2bce9b9447905cda8e2b09f6938112b87299ede389,,05_koyeb,B_mixed,3,05_koyeb__B_mixed__rep03
LOG,logs\05_koyeb__B_mixed__rep04.log,05_koyeb__B_mixed__rep04.log,.log,1951,2026-05-20T21:09:19.894270,True,c383f99738b65382a1465e4fe49fee40d7e94a48ec2a75f08d16b2f5edf52c1e,,05_koyeb,B_mixed,4,05_koyeb__B_mixed__rep04
LOG,logs\05_koyeb__B_mixed__rep05.log,05_koyeb__B_mixed__rep05.log,.log,1902,2026-05-20T21:41:49.108097,True,06bfd73696a3a3956f577f613022b1849760b901d6af8198960d3cc71136fba4,,05_koyeb,B_mixed,5,05_koyeb__B_mixed__rep05
LOG,logs\05_koyeb__B_mixed__rep06.log,05_koyeb__B_mixed__rep06.log,.log,2680,2026-05-20T22:14:17.914548,True,ebe8c639916b0dbdc55912734b93f36c63ef281e2c560102d51bd8c0ffc80e3c,,05_koyeb,B_mixed,6,05_koyeb__B_mixed__rep06
LOG,logs\05_koyeb__B_mixed__rep07.log,05_koyeb__B_mixed__rep07.log,.log,1936,2026-05-20T22:46:45.682902,True,58d5cc2b5c756a79392fc6712915f020777250392737501d47e493346f635317,,05_koyeb,B_mixed,7,05_koyeb__B_mixed__rep07
LOG,logs\05_koyeb__B_mixed__rep08.log,05_koyeb__B_mixed__rep08.log,.log,2667,2026-05-20T23:19:13.297672,True,afad80a3501bf1a3479ae347ecf7f4908909bea29661883174f70668c4a6c9d0,,05_koyeb,B_mixed,8,05_koyeb__B_mixed__rep08
LOG,logs\05_koyeb__B_mixed__rep09.log,05_koyeb__B_mixed__rep09.log,.log,1885,2026-05-20T23:52:10.621557,True,98fdf29841563f9a7e46ffa296e425ca3d96c391666612def05c332774dc703e,,05_koyeb,B_mixed,9,05_koyeb__B_mixed__rep09
LOG,logs\05_koyeb__B_mixed__rep10.log,05_koyeb__B_mixed__rep10.log,.log,1921,2026-05-21T00:25:10.307973,True,a8b7800ec8a100d8c758a48de5bf304658e52797c71a8cdd2f549dcb93f23476,,05_koyeb,B_mixed,10,05_koyeb__B_mixed__rep10
LOG,logs\05_koyeb__C_checkout__rep01.log,05_koyeb__C_checkout__rep01.log,.log,1993,2026-05-21T00:57:42.301465,True,50ea76c7a529ab9591ec2894005e6e5dda0220ef937f8e24a521e718558f5091,,05_koyeb,C_checkout,1,05_koyeb__C_checkout__rep01
LOG,logs\05_koyeb__C_checkout__rep02.log,05_koyeb__C_checkout__rep02.log,.log,2012,2026-05-21T01:30:16.415860,True,4d3d6a151429e460ed4153a04f08cb531285955de42f4a89dc1e98310219e94e,,05_koyeb,C_checkout,2,05_koyeb__C_checkout__rep02
LOG,logs\05_koyeb__C_checkout__rep03.log,05_koyeb__C_checkout__rep03.log,.log,2085,2026-05-21T02:02:46.031854,True,ad62cb285a5d40186006307ddde10dcbc6097a675e6dedac13986365d8f4684c,,05_koyeb,C_checkout,3,05_koyeb__C_checkout__rep03
LOG,logs\05_koyeb__C_checkout__rep04.log,05_koyeb__C_checkout__rep04.log,.log,2023,2026-05-21T02:35:15.545990,True,7f1e3352a6bfd13aa6d59564ecb554ba955f9e38e1e2ddb067a03ac00358164d,,05_koyeb,C_checkout,4,05_koyeb__C_checkout__rep04
LOG,logs\05_koyeb__C_checkout__rep05.log,05_koyeb__C_checkout__rep05.log,.log,2053,2026-05-21T03:07:45.880586,True,32cc40d0a32c34da86d4a280c5a46c3d1e203726f8f656f2ee73fc7454b71a20,,05_koyeb,C_checkout,5,05_koyeb__C_checkout__rep05
LOG,logs\05_koyeb__C_checkout__rep06.log,05_koyeb__C_checkout__rep06.log,.log,2081,2026-06-01T19:31:29.393462,True,fef007f58edf4184a007d35cfcea7411022c4ee4222d01734f83515388505128,,05_koyeb,C_checkout,6,05_koyeb__C_checkout__rep06
LOG,logs\05_koyeb__C_checkout__rep07.log,05_koyeb__C_checkout__rep07.log,.log,2126,2026-06-01T20:06:03.996941,True,f777d9ddc637acf92d08023f99c26fb87e27aa79c2c850a8cfe752582e507da6,,05_koyeb,C_checkout,7,05_koyeb__C_checkout__rep07
LOG,logs\05_koyeb__C_checkout__rep08.log,05_koyeb__C_checkout__rep08.log,.log,2998,2026-06-01T20:47:06.121316,True,7be9b24e123ca6547663bd77648c4196e364131fe241e86e17a57c65cd0ffcc6,,05_koyeb,C_checkout,8,05_koyeb__C_checkout__rep08
LOG,logs\05_koyeb__C_checkout__rep09.log,05_koyeb__C_checkout__rep09.log,.log,5314,2026-06-01T21:21:15.900826,True,2521ed69b8d3b98d765e0bd0c6f39b58eb4b507e4fae8894b7c1dc5cb056ee10,,05_koyeb,C_checkout,9,05_koyeb__C_checkout__rep09
LOG,logs\05_koyeb__C_checkout__rep10.log,05_koyeb__C_checkout__rep10.log,.log,3184,2026-06-01T21:55:47.553504,True,d14bc3f07f199e35ee870e3ec8fe0407613962a74eae2db0b12a324a658b2baf,,05_koyeb,C_checkout,10,05_koyeb__C_checkout__rep10
LOG,logs\05_koyeb__D_burst__rep01.log,05_koyeb__D_burst__rep01.log,.log,1998,2026-06-01T22:29:50.415364,True,c015019f31ea58ed9eaecb264949d189893ec7029f143f36a60352c32b676b54,,05_koyeb,D_burst,1,05_koyeb__D_burst__rep01
LOG,logs\05_koyeb__D_burst__rep02.log,05_koyeb__D_burst__rep02.log,.log,1908,2026-06-01T23:03:51.982285,True,31dad9a9dbff6c4432a08ce9d663432b2f206da97ac6ba5315a63c8815478b2b,,05_koyeb,D_burst,2,05_koyeb__D_burst__rep02
LOG,logs\05_koyeb__D_burst__rep03.log,05_koyeb__D_burst__rep03.log,.log,2043,2026-06-01T23:37:52.259465,True,130762b62b5757f714ef612237533ce2bd736b01bb806e7eebb47dc6650a2cb6,,05_koyeb,D_burst,3,05_koyeb__D_burst__rep03
LOG,logs\05_koyeb__D_burst__rep04.log,05_koyeb__D_burst__rep04.log,.log,2028,2026-06-02T00:11:51.083809,True,ea9bb60349d017ad653e15b33c868074983e52983c43b04ea851f8c7981cab6c,,05_koyeb,D_burst,4,05_koyeb__D_burst__rep04
LOG,logs\05_koyeb__D_burst__rep05.log,05_koyeb__D_burst__rep05.log,.log,1938,2026-06-02T00:45:49.466473,True,e212bc90278dda758b35e85af782225dcde7f9c94a373534164a8f31b50a7a77,,05_koyeb,D_burst,5,05_koyeb__D_burst__rep05
LOG,logs\05_koyeb__D_burst__rep06.log,05_koyeb__D_burst__rep06.log,.log,3738,2026-06-02T01:19:48.293757,True,dc3831a203550f37300613c25ed7677d5dfd1384ac0053c12830ab21ac1f28cd,,05_koyeb,D_burst,6,05_koyeb__D_burst__rep06
LOG,logs\05_koyeb__D_burst__rep07.log,05_koyeb__D_burst__rep07.log,.log,1968,2026-06-02T01:53:48.242502,True,3bd9ecc330a700f003e0be88763c60b605bec56cb2168e90ae33bfa62f434b7c,,05_koyeb,D_burst,7,05_koyeb__D_burst__rep07
LOG,logs\05_koyeb__D_burst__rep08.log,05_koyeb__D_burst__rep08.log,.log,1844,2026-06-02T02:27:47.095443,True,49f81b3497330c962362c7619015400bcec289177934695fb184a5e07c85d4c1,,05_koyeb,D_burst,8,05_koyeb__D_burst__rep08
LOG,logs\05_koyeb__D_burst__rep09.log,05_koyeb__D_burst__rep09.log,.log,1908,2026-06-02T03:01:45.724886,True,52139a8dfa51f4fc19a747094ea777934e83d6feb118317676f71cc8eb05b40f,,05_koyeb,D_burst,9,05_koyeb__D_burst__rep09
LOG,logs\05_koyeb__D_burst__rep10.log,05_koyeb__D_burst__rep10.log,.log,1953,2026-06-02T03:35:44.252385,True,78912737bdfd2cfcb8d79fd6a2a199357abf0d30432335133f78005a83ba4d16,,05_koyeb,D_burst,10,05_koyeb__D_burst__rep10
LOG,logs\06_flyio__A_browse__rep01.log,06_flyio__A_browse__rep01.log,.log,2017,2026-06-02T04:09:49.163776,True,50f17fb886e050b044bebebf993898b27b1a65461a16c44832f9264a411223c9,,06_flyio,A_browse,1,06_flyio__A_browse__rep01
LOG,logs\06_flyio__A_browse__rep02.log,06_flyio__A_browse__rep02.log,.log,2047,2026-06-02T04:43:50.776548,True,0054674d6ea58c6f3e957522a556c0074a8ce6b3fda503525dce23f64a8d23ea,,06_flyio,A_browse,2,06_flyio__A_browse__rep02
LOG,logs\06_flyio__A_browse__rep03.log,06_flyio__A_browse__rep03.log,.log,2139,2026-06-02T05:17:51.486966,True,8c6aa66e37a11cdb1c363e4c59c6f46289bc7c932fd2be3124eb2c17a2df666a,,06_flyio,A_browse,3,06_flyio__A_browse__rep03
LOG,logs\06_flyio__A_browse__rep04.log,06_flyio__A_browse__rep04.log,.log,2160,2026-06-02T05:52:02.652210,True,d03c825d54b3628f7d7c28a05cca0bbdf4a36d7cbbe21f6024789c60a1ae9ca8,,06_flyio,A_browse,4,06_flyio__A_browse__rep04
LOG,logs\06_flyio__A_browse__rep05.log,06_flyio__A_browse__rep05.log,.log,2520,2026-06-02T06:26:07.556600,True,037340de4586aecf3aab2c3783d08c1c17efe3743cbef68a1837cc6e5148c81b,,06_flyio,A_browse,5,06_flyio__A_browse__rep05
LOG,logs\06_flyio__A_browse__rep06.log,06_flyio__A_browse__rep06.log,.log,3441,2026-06-02T07:00:09.738373,True,8fe7ffb132de473311796988ab90632b9f92d38aa022f528866b30d534e33657,,06_flyio,A_browse,6,06_flyio__A_browse__rep06
LOG,logs\06_flyio__A_browse__rep07.log,06_flyio__A_browse__rep07.log,.log,2502,2026-06-02T07:34:29.902445,True,83a1e1d71bc0838aa9666e18537a87f04af9cbb34e4ffc40b57c650aeb92477a,,06_flyio,A_browse,7,06_flyio__A_browse__rep07
LOG,logs\06_flyio__A_browse__rep08.log,06_flyio__A_browse__rep08.log,.log,2449,2026-06-02T08:08:58.537231,True,2fe2703d3d97e1a026f75a95a2d638ecb9738a90964e5e614e8301abebf1ebe0,,06_flyio,A_browse,8,06_flyio__A_browse__rep08
LOG,logs\06_flyio__A_browse__rep09.log,06_flyio__A_browse__rep09.log,.log,3197,2026-06-02T08:43:16.200499,True,46729f6b1a8ebc2e927c41e29cf64b91ede9de684b3aeffa168ee5dfc4c69999,,06_flyio,A_browse,9,06_flyio__A_browse__rep09
LOG,logs\06_flyio__A_browse__rep10.log,06_flyio__A_browse__rep10.log,.log,3445,2026-06-02T09:17:20.084058,True,52dc334edb078511deb44c16b55e6cfdba79ff92c0de497575a64918ad9550d2,,06_flyio,A_browse,10,06_flyio__A_browse__rep10
LOG,logs\06_flyio__B_mixed__rep01.log,06_flyio__B_mixed__rep01.log,.log,2093,2026-06-02T09:51:20.238505,True,a62812688901e9bf70b4d80e67329d9fa7610443171cd8341663a4ff255afa5f,,06_flyio,B_mixed,1,06_flyio__B_mixed__rep01
LOG,logs\06_flyio__B_mixed__rep02.log,06_flyio__B_mixed__rep02.log,.log,1943,2026-06-02T10:25:21.107399,True,033c1c8d4649d61213819a320eee43ddc19e5c66b62c36a5d99bc370494047aa,,06_flyio,B_mixed,2,06_flyio__B_mixed__rep02
LOG,logs\06_flyio__B_mixed__rep03.log,06_flyio__B_mixed__rep03.log,.log,2018,2026-06-02T10:59:22.420076,True,312412df84e4c265ff138eceee4bf9d3de673a722ff74405bbe0986c22a3f0fd,,06_flyio,B_mixed,3,06_flyio__B_mixed__rep03
LOG,logs\06_flyio__B_mixed__rep04.log,06_flyio__B_mixed__rep04.log,.log,1973,2026-06-02T11:33:28.157238,True,8b51b0a645f8704def99d587b40b13ace5476e84e365c457646d599941b26072,,06_flyio,B_mixed,4,06_flyio__B_mixed__rep04
LOG,logs\06_flyio__B_mixed__rep05.log,06_flyio__B_mixed__rep05.log,.log,2018,2026-06-02T12:07:28.511779,True,a388b9730fd67c3f4f64a3af7cb7574f6e17f7a89b66283c874913fdb3ab5c65,,06_flyio,B_mixed,5,06_flyio__B_mixed__rep05
LOG,logs\06_flyio__B_mixed__rep06.log,06_flyio__B_mixed__rep06.log,.log,1878,2026-06-02T12:41:29.461110,True,79a7b068583bfdd745eeabcfa741625c312d5e5e7f478ae8ac2cd80cf25d8442,,06_flyio,B_mixed,6,06_flyio__B_mixed__rep06
LOG,logs\06_flyio__B_mixed__rep07.log,06_flyio__B_mixed__rep07.log,.log,1893,2026-06-02T13:15:32.775330,True,5630d1765af6e50530fb7ad45f7bd71b695ba7f97c53c01cf71cdb6146758d09,,06_flyio,B_mixed,7,06_flyio__B_mixed__rep07
LOG,logs\06_flyio__B_mixed__rep08.log,06_flyio__B_mixed__rep08.log,.log,1953,2026-05-21T14:30:10.359126,True,567c93cfc081b2e71f124b0b42d66cdc445940950841b02bb1c3d27df12a1851,,06_flyio,B_mixed,8,06_flyio__B_mixed__rep08
LOG,logs\06_flyio__B_mixed__rep09.log,06_flyio__B_mixed__rep09.log,.log,5596,2026-05-21T15:02:45.685500,True,98b28d704305c3b2dbc4462d4e1fe953a7987f49187aa57a254d2cb621125adf,,06_flyio,B_mixed,9,06_flyio__B_mixed__rep09
LOG,logs\06_flyio__B_mixed__rep10.log,06_flyio__B_mixed__rep10.log,.log,4552,2026-05-21T15:35:14.621953,True,8cc2674511b1ebc9dfdec60cc4fe199273c75a9c1dab44aced34cbce97937d7e,,06_flyio,B_mixed,10,06_flyio__B_mixed__rep10
LOG,logs\06_flyio__C_checkout__rep01.log,06_flyio__C_checkout__rep01.log,.log,18352,2026-06-02T13:49:40.434518,True,e020691d81dc3a6b482e0376bbbc40344033a6fb43a9dbc1811a15fcc569292b,,06_flyio,C_checkout,1,06_flyio__C_checkout__rep01
LOG,logs\06_flyio__C_checkout__rep02.log,06_flyio__C_checkout__rep02.log,.log,17887,2026-06-02T14:24:11.215720,True,5359bbe00f56cddbcb8bf9a0e1e26808c5487ea5fc94cdb5d325bf350fdd226f,,06_flyio,C_checkout,2,06_flyio__C_checkout__rep02
LOG,logs\06_flyio__C_checkout__rep03.log,06_flyio__C_checkout__rep03.log,.log,14392,2026-06-02T14:58:21.074447,True,ec670f1f9b93fcaff5a0190f04f1cceab9e9dd1b3c906712ac24afb7b4207395,,06_flyio,C_checkout,3,06_flyio__C_checkout__rep03
LOG,logs\06_flyio__C_checkout__rep04.log,06_flyio__C_checkout__rep04.log,.log,16413,2026-06-02T15:32:54.083293,True,b8125f16179332c18dc5c3e3bf6425a9f508bb102650c57c3ea6b5a59322064d,,06_flyio,C_checkout,4,06_flyio__C_checkout__rep04
LOG,logs\06_flyio__C_checkout__rep05.log,06_flyio__C_checkout__rep05.log,.log,16286,2026-06-02T16:07:22.591374,True,97103ba1fc876cc9e14732c6dede4728b7ac18807d98216a6ea983144f45093c,,06_flyio,C_checkout,5,06_flyio__C_checkout__rep05
LOG,logs\06_flyio__C_checkout__rep06.log,06_flyio__C_checkout__rep06.log,.log,15007,2026-06-02T16:41:27.984342,True,0d02c3bd378916cfd8f1e5d57e0fb90b1d77ca45e39acadabe4da0faafc01f47,,06_flyio,C_checkout,6,06_flyio__C_checkout__rep06
LOG,logs\06_flyio__C_checkout__rep07.log,06_flyio__C_checkout__rep07.log,.log,17186,2026-06-02T17:15:31.478271,True,5fe48446d72ac160a65c05361f6a43721b2ffe69756e4d012f440f3a99f859ed,,06_flyio,C_checkout,7,06_flyio__C_checkout__rep07
LOG,logs\06_flyio__C_checkout__rep08.log,06_flyio__C_checkout__rep08.log,.log,19929,2026-06-02T17:50:05.331604,True,c20f4c2ed85cc42d2c871b77662e2df931a3e893c8348c9baa1103f113587166,,06_flyio,C_checkout,8,06_flyio__C_checkout__rep08
LOG,logs\06_flyio__C_checkout__rep09.log,06_flyio__C_checkout__rep09.log,.log,14139,2026-06-02T18:24:29.732436,True,3c8afd5e9402740cb9bc69c96f6d78cfbca02bc837aaa4623a28178ee1ed5bd2,,06_flyio,C_checkout,9,06_flyio__C_checkout__rep09
LOG,logs\06_flyio__C_checkout__rep10.log,06_flyio__C_checkout__rep10.log,.log,17542,2026-06-02T18:58:34.125940,True,fcb44c78908bcd99bfcbede2f16287558eb6ee7a68675681e63fe19c26cfe470,,06_flyio,C_checkout,10,06_flyio__C_checkout__rep10
LOG,logs\06_flyio__D_burst__rep01.log,06_flyio__D_burst__rep01.log,.log,41073,2026-06-02T19:32:53.692152,True,08c447e3b7049807fe630b8a2b826fbfed785fa97e3960ea0f7c503ead9b36f6,,06_flyio,D_burst,1,06_flyio__D_burst__rep01
LOG,logs\06_flyio__D_burst__rep02.log,06_flyio__D_burst__rep02.log,.log,24658,2026-06-02T20:07:00.775122,True,adfa9cb05a09a8f6add089a1f3c28a56dd658df6f86ee0edc32edf5b8bc556d5,,06_flyio,D_burst,2,06_flyio__D_burst__rep02
LOG,logs\06_flyio__D_burst__rep03.log,06_flyio__D_burst__rep03.log,.log,34425,2026-06-02T20:41:04.243764,True,f7f3e873597a1946d66029412c9096895a01a2bd827259c4e302bac4678c76d4,,06_flyio,D_burst,3,06_flyio__D_burst__rep03
LOG,logs\06_flyio__D_burst__rep04.log,06_flyio__D_burst__rep04.log,.log,27292,2026-06-02T21:15:09.402547,True,2ac498a563f64f43d2d8e62f0a7aca509f74405794477f703b4ce54493868ae0,,06_flyio,D_burst,4,06_flyio__D_burst__rep04
LOG,logs\06_flyio__D_burst__rep05.log,06_flyio__D_burst__rep05.log,.log,173167,2026-06-02T21:49:13.272410,True,c7df04e85c1e6b24d9c7b81b20f044ad69faea1e7bec7224135345b116bb43f1,,06_flyio,D_burst,5,06_flyio__D_burst__rep05
LOG,logs\06_flyio__D_burst__rep06.log,06_flyio__D_burst__rep06.log,.log,27463,2026-06-02T22:23:20.507332,True,d797077f0fec7285dd3e24ebae3d45d6e6abaabedc60234bfbc5545ee741f559,,06_flyio,D_burst,6,06_flyio__D_burst__rep06
LOG,logs\06_flyio__D_burst__rep07.log,06_flyio__D_burst__rep07.log,.log,25918,2026-06-02T22:57:21.259612,True,8092b72309aa57bc24791ffa8861ddeee4137ee308287d579562204688142eaf,,06_flyio,D_burst,7,06_flyio__D_burst__rep07
LOG,logs\06_flyio__D_burst__rep08.log,06_flyio__D_burst__rep08.log,.log,32822,2026-06-02T23:31:22.538370,True,80726fc4f4c32b694b1c45010bb22bd28ed4e8637375dea7dcd93cea2eeb7477,,06_flyio,D_burst,8,06_flyio__D_burst__rep08
LOG,logs\06_flyio__D_burst__rep09.log,06_flyio__D_burst__rep09.log,.log,25412,2026-06-03T00:05:23.284549,True,31f377cbef8906255e398593cc1624888f438dc2573c9246b2d4e845c5110e7a,,06_flyio,D_burst,9,06_flyio__D_burst__rep09
LOG,logs\06_flyio__D_burst__rep10.log,06_flyio__D_burst__rep10.log,.log,31920,2026-06-03T00:39:25.665476,True,3a17ca022219491152a9712e9ac55dd89346de8a0be41fea22156146112f9b93,,06_flyio,D_burst,10,06_flyio__D_burst__rep10
LOG,logs\07_iis_waitress__A_browse__rep01.log,07_iis_waitress__A_browse__rep01.log,.log,1778,2026-05-22T03:03:57.916718,True,d0a5f197713dd0cfc266077ed9b82edb51146221ceb0c31728e779feb7ab2fbf,,07_iis_waitress,A_browse,1,07_iis_waitress__A_browse__rep01
LOG,logs\07_iis_waitress__A_browse__rep02.log,07_iis_waitress__A_browse__rep02.log,.log,1776,2026-05-22T03:36:25.130865,True,fc6cd75a3a65e06ddc4617bae8a9688afaea9c0e625ecf2bbd1d118c6f358dcd,,07_iis_waitress,A_browse,2,07_iis_waitress__A_browse__rep02
LOG,logs\07_iis_waitress__A_browse__rep03.log,07_iis_waitress__A_browse__rep03.log,.log,1778,2026-05-22T04:08:52.267618,True,5916f88c2dee7db4313e56a956479865627d0f999aef9521d6bb850fb5640350,,07_iis_waitress,A_browse,3,07_iis_waitress__A_browse__rep03
LOG,logs\07_iis_waitress__A_browse__rep04.log,07_iis_waitress__A_browse__rep04.log,.log,1778,2026-05-22T04:41:19.434034,True,91c26040956a58bb94a65360094fb034fc8da77f642c9c78053c7dcea747d4f6,,07_iis_waitress,A_browse,4,07_iis_waitress__A_browse__rep04
LOG,logs\07_iis_waitress__A_browse__rep05.log,07_iis_waitress__A_browse__rep05.log,.log,1778,2026-05-22T05:13:46.419833,True,a2d9ef0ebb414a3b07ee959a8b3c8cd26715cac38e9b638a54312ef9a0a5cba7,,07_iis_waitress,A_browse,5,07_iis_waitress__A_browse__rep05
LOG,logs\07_iis_waitress__A_browse__rep06.log,07_iis_waitress__A_browse__rep06.log,.log,1778,2026-05-22T05:46:19.901117,True,162447f24367679c7d622fb0b6361351fe5d0e3a71737ef73ac4c2473b913dbe,,07_iis_waitress,A_browse,6,07_iis_waitress__A_browse__rep06
LOG,logs\07_iis_waitress__A_browse__rep07.log,07_iis_waitress__A_browse__rep07.log,.log,1778,2026-05-22T06:18:47.456979,True,35175211a46adc77799eee464ad66a6df52f944902c81faef3f30a81a17d94ec,,07_iis_waitress,A_browse,7,07_iis_waitress__A_browse__rep07
LOG,logs\07_iis_waitress__A_browse__rep08.log,07_iis_waitress__A_browse__rep08.log,.log,1776,2026-05-22T06:51:14.521924,True,82156087900114b5bba7cccf398579555fc016dd82b7f0ce6d10c29a04f902a8,,07_iis_waitress,A_browse,8,07_iis_waitress__A_browse__rep08
LOG,logs\07_iis_waitress__A_browse__rep09.log,07_iis_waitress__A_browse__rep09.log,.log,1774,2026-05-22T07:23:41.795717,True,b89f487429a44bedb942dfe50a8b112416b7fd5d97accc74b675a9f99ebb2d0f,,07_iis_waitress,A_browse,9,07_iis_waitress__A_browse__rep09
LOG,logs\07_iis_waitress__A_browse__rep10.log,07_iis_waitress__A_browse__rep10.log,.log,1778,2026-05-22T07:56:08.808442,True,0f58f6bd62a10f442e483c301fca529a6f355fc451d52383fa17f1887a8c19af,,07_iis_waitress,A_browse,10,07_iis_waitress__A_browse__rep10
LOG,logs\07_iis_waitress__B_mixed__rep01.log,07_iis_waitress__B_mixed__rep01.log,.log,1774,2026-05-22T08:28:35.100655,True,01210e2cd8b1da87e5b13e4d0c6d2fd5e24f906c26659e16f3c90f8ece4782a6,,07_iis_waitress,B_mixed,1,07_iis_waitress__B_mixed__rep01
LOG,logs\07_iis_waitress__B_mixed__rep02.log,07_iis_waitress__B_mixed__rep02.log,.log,1772,2026-05-22T09:01:01.350224,True,f4ed0677eb66dac1a0888e08c350aa9af48e23c1080dadcd3f8929169fcb6e0b,,07_iis_waitress,B_mixed,2,07_iis_waitress__B_mixed__rep02
LOG,logs\07_iis_waitress__B_mixed__rep03.log,07_iis_waitress__B_mixed__rep03.log,.log,1772,2026-05-22T09:33:27.860167,True,86cd42ae41223cd147acbe5a82f1da16eddc44c9cfd9e948961360b0f22c422c,,07_iis_waitress,B_mixed,3,07_iis_waitress__B_mixed__rep03
LOG,logs\07_iis_waitress__B_mixed__rep04.log,07_iis_waitress__B_mixed__rep04.log,.log,1774,2026-05-22T10:05:54.590897,True,039d38e6600383905f7ee96d3b9f557259dffd9d9b2a605495cf6085a290fd35,,07_iis_waitress,B_mixed,4,07_iis_waitress__B_mixed__rep04
LOG,logs\07_iis_waitress__B_mixed__rep05.log,07_iis_waitress__B_mixed__rep05.log,.log,1772,2026-05-22T10:38:21.347763,True,4115a3f771e9bac5abed27a88d1f96844069f66d71d6a34b850a6aff2fea7291,,07_iis_waitress,B_mixed,5,07_iis_waitress__B_mixed__rep05
LOG,logs\07_iis_waitress__B_mixed__rep06.log,07_iis_waitress__B_mixed__rep06.log,.log,1774,2026-05-22T11:10:49.894523,True,85763eab4ed5fee15d607f8af96e21f1a6454c0cde6f20abfd9035edebcea142,,07_iis_waitress,B_mixed,6,07_iis_waitress__B_mixed__rep06
LOG,logs\07_iis_waitress__B_mixed__rep07.log,07_iis_waitress__B_mixed__rep07.log,.log,1956,2026-05-22T11:43:21.057808,True,8bf34e95fbcff1a629e4d35c64c987a9ec9e65f73b50dfaf4532dbd13dfc0fa4,,07_iis_waitress,B_mixed,7,07_iis_waitress__B_mixed__rep07
LOG,logs\07_iis_waitress__B_mixed__rep08.log,07_iis_waitress__B_mixed__rep08.log,.log,1896,2026-05-22T12:15:50.476562,True,e7727b8799cffc22de1de125a73e9ec18e207ae0b894606ec847e9ded107a1b1,,07_iis_waitress,B_mixed,8,07_iis_waitress__B_mixed__rep08
LOG,logs\07_iis_waitress__B_mixed__rep09.log,07_iis_waitress__B_mixed__rep09.log,.log,1837,2026-05-22T12:48:18.605336,True,92c8e87d4198343700413ad899c8248418768761f52843b93e04be6bb85e842c,,07_iis_waitress,B_mixed,9,07_iis_waitress__B_mixed__rep09
LOG,logs\07_iis_waitress__B_mixed__rep10.log,07_iis_waitress__B_mixed__rep10.log,.log,1772,2026-05-22T13:20:46.061466,True,3ee0c195b1a7480425a234706c7cb41b5f0159170bd91cb5d1972e63659155a1,,07_iis_waitress,B_mixed,10,07_iis_waitress__B_mixed__rep10
LOG,logs\07_iis_waitress__C_checkout__rep01.log,07_iis_waitress__C_checkout__rep01.log,.log,1820,2026-05-22T13:53:16.404431,True,0202628baac4f261f53ae4a6984c21c79cacac3066f7cde20a52b5c5f5926353,,07_iis_waitress,C_checkout,1,07_iis_waitress__C_checkout__rep01
LOG,logs\07_iis_waitress__C_checkout__rep02.log,07_iis_waitress__C_checkout__rep02.log,.log,1835,2026-05-22T14:25:49.549047,True,80ea6505a592c962d8177e8ee405ae01e6b21ba26ccb9df9bf3ee0acebd6f387,,07_iis_waitress,C_checkout,2,07_iis_waitress__C_checkout__rep02
LOG,logs\07_iis_waitress__C_checkout__rep03.log,07_iis_waitress__C_checkout__rep03.log,.log,1784,2026-05-22T14:58:24.889365,True,1bd23bd3738026e06051d0add955a7280544b7b067f0f99c655074056a69f234,,07_iis_waitress,C_checkout,3,07_iis_waitress__C_checkout__rep03
LOG,logs\07_iis_waitress__C_checkout__rep04.log,07_iis_waitress__C_checkout__rep04.log,.log,1786,2026-05-22T15:30:55.454300,True,7147400b618bfcfad41f6501f806de2af3f82670c9bf40448ba0497b1de3df55,,07_iis_waitress,C_checkout,4,07_iis_waitress__C_checkout__rep04
LOG,logs\07_iis_waitress__C_checkout__rep05.log,07_iis_waitress__C_checkout__rep05.log,.log,1786,2026-05-22T16:03:26.207186,True,f57da2863209bc09b1fb5a6fec6d1f707e1677042b8e74ea543b40bc51b4b85b,,07_iis_waitress,C_checkout,5,07_iis_waitress__C_checkout__rep05
LOG,logs\07_iis_waitress__C_checkout__rep06.log,07_iis_waitress__C_checkout__rep06.log,.log,1807,2026-05-22T16:35:56.457055,True,15ada5cc36fdee8357e3a5da8b7156ae12a4b94a76ed19bbc0316af207459cc3,,07_iis_waitress,C_checkout,6,07_iis_waitress__C_checkout__rep06
LOG,logs\07_iis_waitress__C_checkout__rep07.log,07_iis_waitress__C_checkout__rep07.log,.log,1784,2026-05-22T17:08:26.083599,True,286060bae773ee41ac79715d2783f9703a5724fdeceaab1514a546d5108dae5d,,07_iis_waitress,C_checkout,7,07_iis_waitress__C_checkout__rep07
LOG,logs\07_iis_waitress__C_checkout__rep08.log,07_iis_waitress__C_checkout__rep08.log,.log,1782,2026-05-22T17:40:55.640080,True,c123353f33e97c9d2176766023dec32e69900240f5bde0c347f1ec8f6ec431b6,,07_iis_waitress,C_checkout,8,07_iis_waitress__C_checkout__rep08
LOG,logs\07_iis_waitress__C_checkout__rep09.log,07_iis_waitress__C_checkout__rep09.log,.log,1786,2026-05-22T18:13:25.016029,True,94b1da19e04f30b95df85c41ce459664b81f3229c0526845db92e775170a33b3,,07_iis_waitress,C_checkout,9,07_iis_waitress__C_checkout__rep09
LOG,logs\07_iis_waitress__C_checkout__rep10.log,07_iis_waitress__C_checkout__rep10.log,.log,1786,2026-05-22T18:45:54.237316,True,e4130fd5d9963d8ac003e456eb12bda4e4b7800bc812a67f406efebff6befeb2,,07_iis_waitress,C_checkout,10,07_iis_waitress__C_checkout__rep10
LOG,logs\07_iis_waitress__D_burst__rep01.log,07_iis_waitress__D_burst__rep01.log,.log,1774,2026-05-22T19:18:21.152738,True,a693d4a8b8dfcfffd8b548591015015f64c4fa27bee22b1889960dd78146759e,,07_iis_waitress,D_burst,1,07_iis_waitress__D_burst__rep01
LOG,logs\07_iis_waitress__D_burst__rep02.log,07_iis_waitress__D_burst__rep02.log,.log,1793,2026-05-22T19:50:49.809036,True,00907b1b66cf51238dd57ee1dbccaf15b1445d6a3a481cf38a935a51211e95cc,,07_iis_waitress,D_burst,2,07_iis_waitress__D_burst__rep02
LOG,logs\07_iis_waitress__D_burst__rep03.log,07_iis_waitress__D_burst__rep03.log,.log,1774,2026-05-22T20:23:18.808842,True,e5de3902d7b4398e4c723aba3445a11a8ce20e03b4c7782e81c6c2035e80b8f0,,07_iis_waitress,D_burst,3,07_iis_waitress__D_burst__rep03
LOG,logs\07_iis_waitress__D_burst__rep04.log,07_iis_waitress__D_burst__rep04.log,.log,1793,2026-05-22T20:55:51.553740,True,5bc80b83e34260cfcff8efcd12a2ebbd4a62d2e026bf0ea150c91b9b94e836e9,,07_iis_waitress,D_burst,4,07_iis_waitress__D_burst__rep04
LOG,logs\07_iis_waitress__D_burst__rep05.log,07_iis_waitress__D_burst__rep05.log,.log,1793,2026-05-22T21:28:19.654004,True,422951fea15f144d78a7cd3fcd729a264b64dc2847c68b3ddfed35f38a8b4efe,,07_iis_waitress,D_burst,5,07_iis_waitress__D_burst__rep05
LOG,logs\07_iis_waitress__D_burst__rep06.log,07_iis_waitress__D_burst__rep06.log,.log,1810,2026-05-22T22:00:49.484973,True,ca7012ec6e82f78796512a52799a7fb195d32791b87c667c371c99f8018ff4ec,,07_iis_waitress,D_burst,6,07_iis_waitress__D_burst__rep06
LOG,logs\07_iis_waitress__D_burst__rep07.log,07_iis_waitress__D_burst__rep07.log,.log,1810,2026-05-22T22:33:17.120499,True,dd56fdbc16c2e5fcc02d4fe44469b4b928f61d81a8ca2ee96983addf003afc5f,,07_iis_waitress,D_burst,7,07_iis_waitress__D_burst__rep07
LOG,logs\07_iis_waitress__D_burst__rep08.log,07_iis_waitress__D_burst__rep08.log,.log,1821,2026-05-22T23:05:45.755541,True,d966b0c7bfe3523c3bf03ee4fa05bfb96979b73944c665b6356cfc73f866b701,,07_iis_waitress,D_burst,8,07_iis_waitress__D_burst__rep08
LOG,logs\07_iis_waitress__D_burst__rep09.log,07_iis_waitress__D_burst__rep09.log,.log,1872,2026-05-22T23:38:15.990163,True,ae32660908da8381405aed9ea540e6b990771a643ecf2f9aed1f4659f13ab948,,07_iis_waitress,D_burst,9,07_iis_waitress__D_burst__rep09
LOG,logs\07_iis_waitress__D_burst__rep10.log,07_iis_waitress__D_burst__rep10.log,.log,1855,2026-05-23T00:10:47.341964,True,2277730976828a0563f12029f564c6eed431cf81a6532d8b0403ac7b26933533,,07_iis_waitress,D_burst,10,07_iis_waitress__D_burst__rep10
